Time(ms),Temp(C),Pressure(hPa),Alt(m),FiltAlt(m),AccX(g),AccY(g),AccZ(g),GyroX(deg/s),GyroY(deg/s),GyroZ(deg/s),AngleX(deg),AngleY(deg),AngleZ(deg),LM35Temp(C)
0,21.94,1013.11,0.55,0.11,-0.00,-0.04,0.98,1.84,-2.70,2.32,2.67,-4.63,3.80,21.48
32,21.96,1013.13,0.38,0.16,-0.01,-0.02,0.97,1.32,-1.46,-0.52,2.40,-4.89,3.78,21.48
63,21.96,1013.13,0.38,0.21,0.01,-0.03,1.00,4.47,1.90,-5.97,2.21,-5.07,3.60,21.97
93,21.96,1013.13,0.38,0.24,-0.00,-0.03,0.98,3.19,1.42,-0.35,1.99,-5.24,3.58,21.97
123,21.96,1013.11,0.19,0.23,0.00,-0.02,0.98,1.58,-2.38,3.23,1.73,-5.52,3.68,21.97
156,21.98,1013.15,0.19,0.22,0.00,-0.02,0.99,4.41,3.46,-1.49,1.58,-5.62,3.63,20.51
187,21.98,1013.15,0.19,0.22,-0.02,-0.01,0.99,2.96,2.08,-2.59,1.39,-5.74,3.55,20.51
217,21.98,1013.15,0.19,0.21,-0.00,-0.03,0.99,1.86,-0.87,-0.56,1.14,-5.97,3.53,21.48
248,21.98,1013.20,-0.16,0.14,0.01,-0.03,0.99,3.03,1.32,-0.47,0.94,-6.13,3.52,20.51
280,21.98,1013.20,-0.16,0.08,-0.01,-0.02,0.99,2.19,-0.19,-1.86,0.73,-6.32,3.46,21.97
311,21.98,1013.20,-0.16,0.03,0.00,-0.03,0.99,2.53,0.30,-1.92,0.52,-6.50,3.40,21.48
343,21.98,1013.14,0.33,0.09,-0.00,-0.03,0.98,2.88,-1.31,-0.55,0.33,-6.73,3.38,20.51
374,21.98,1013.14,0.33,0.14,0.00,-0.02,0.99,0.94,0.30,-0.59,0.09,-6.91,3.37,20.02
405,21.98,1013.14,0.33,0.17,-0.00,-0.03,0.99,2.77,2.43,-2.74,-0.09,-7.01,3.28,21.00
435,21.97,1013.16,0.17,0.17,-0.00,-0.03,0.97,1.81,-2.50,4.17,-0.31,-7.25,3.41,21.00
466,21.97,1013.16,0.17,0.17,0.01,-0.01,0.98,0.97,-2.19,3.39,-0.52,-7.50,3.51,20.51
497,21.97,1013.16,0.17,0.17,0.02,-0.01,1.01,1.48,2.51,2.71,-0.72,-7.61,3.59,21.97
530,21.97,1013.18,-0.06,0.13,-0.03,-0.02,0.98,2.39,3.50,0.84,-0.89,-7.62,3.62,21.48
561,21.97,1013.18,-0.06,0.09,-0.00,-0.01,0.99,-0.03,-1.34,-1.63,-1.12,-7.82,3.57,21.48
592,21.97,1013.18,-0.06,0.06,0.02,-0.02,0.97,0.38,4.65,1.39,-1.35,-7.87,3.62,21.97
623,21.97,1013.18,-0.04,0.04,-0.02,0.01,0.98,1.68,2.80,2.48,-1.51,-7.92,3.69,21.00
653,21.97,1013.18,-0.04,0.03,0.01,-0.00,0.98,-1.62,0.19,-1.14,-1.76,-8.08,3.66,20.51
684,21.97,1013.18,-0.04,0.01,0.04,-0.01,1.00,-2.05,3.62,0.42,-2.04,-8.17,3.67,21.00
717,21.98,1013.17,0.08,0.02,-0.01,-0.03,0.97,0.55,9.73,1.73,-2.25,-8.00,3.73,21.48
748,21.98,1013.17,0.08,0.03,-0.04,-0.02,0.98,0.71,2.34,0.69,-2.45,-8.04,3.75,20.51
778,21.98,1013.17,0.08,0.04,-0.05,-0.04,0.97,0.85,4.16,0.68,-2.66,-8.01,3.77,21.48
808,21.97,1013.16,0.13,0.06,-0.05,-0.02,0.96,4.21,4.23,-4.44,-2.75,-7.98,3.64,21.97
839,21.97,1013.16,0.13,0.07,-0.03,-0.02,0.98,1.00,-1.34,-0.04,-2.93,-8.14,3.64,21.97
870,21.97,1013.16,0.13,0.08,-0.01,-0.01,0.97,2.32,3.47,-5.20,-3.05,-8.17,3.47,20.51
902,21.97,1013.19,-0.09,0.05,-0.01,-0.02,0.96,1.23,2.45,-5.11,-3.22,-8.24,3.31,21.97
933,21.97,1013.19,-0.09,0.02,0.03,-0.02,0.98,-0.22,-2.59,0.02,-3.43,-8.51,3.31,21.48
965,21.97,1013.19,-0.09,0.00,0.06,-0.02,1.00,-8.68,-3.57,8.90,-3.90,-8.84,3.60,20.02
997,21.97,1013.19,-0.11,-0.02,0.07,-0.04,0.96,-10.10,3.59,6.69,-4.42,-8.94,3.81,21.97
1028,21.97,1013.19,-0.11,-0.04,0.06,-0.02,0.96,-11.15,0.62,14.97,-4.94,-9.13,4.29,21.97
1060,21.97,1013.19,-0.11,-0.05,0.03,0.04,1.00,-40.66,-22.96,36.45,-6.28,-10.00,5.42,21.00
1094,21.98,1013.18,0.02,-0.04,0.20,-0.10,0.94,-40.40,-38.36,31.73,-7.85,-11.63,6.50,21.48
1126,21.98,1013.18,0.02,-0.03,0.32,-0.10,0.87,-31.84,-15.78,41.50,-9.06,-12.61,7.83,21.48
1158,21.98,1013.18,0.02,-0.02,0.01,0.06,0.91,-17.50,2.80,57.26,-9.58,-12.60,9.66,21.48
1189,21.97,1013.16,0.11,0.01,0.00,-0.01,0.92,-21.09,-32.41,22.74,-10.28,-13.65,10.36,21.48
1221,21.97,1013.16,0.11,0.03,0.25,-0.13,0.91,-1.61,-16.56,20.72,-10.52,-14.52,11.03,20.51
1253,21.97,1013.16,0.11,0.04,0.14,-0.05,1.02,4.77,12.54,55.56,-10.46,-14.31,12.80,20.51
1282,21.97,1013.16,0.11,0.06,0.11,0.01,1.01,14.48,14.04,63.64,-10.06,-14.06,14.65,21.00
1314,21.98,1013.16,0.15,0.08,0.18,0.02,1.00,24.76,4.22,30.52,-9.30,-14.17,15.63,21.48
1346,21.98,1013.16,0.15,0.09,0.03,0.02,0.96,40.51,52.22,31.56,-8.06,-12.60,16.64,21.48
1377,21.98,1013.16,0.15,0.10,-0.27,0.36,1.01,41.98,35.87,63.29,-6.48,-11.30,18.60,21.97
1408,21.98,1013.15,0.27,0.14,-0.13,0.21,1.02,45.64,-0.47,72.03,-4.98,-11.26,20.83,21.00
1442,21.98,1013.15,0.27,0.16,0.19,-0.37,0.78,-52.86,-2.51,-94.55,-7.37,-11.68,17.62,21.00
1474,21.98,1013.15,0.27,0.18,0.12,0.51,0.99,-68.72,21.99,-98.81,-9.08,-11.21,14.45,21.00
1505,21.98,1013.18,-0.05,0.14,-0.14,0.24,1.01,-46.58,-35.26,1.81,-10.28,-12.22,14.51,21.48
1536,21.98,1013.18,-0.05,0.10,0.30,0.07,0.79,32.62,22.49,37.97,-9.23,-12.02,15.69,20.51
1568,21.98,1013.18,-0.05,0.07,0.32,0.11,0.63,-1.35,97.96,-31.55,-9.15,-9.56,14.68,21.48
1600,21.98,1013.19,-0.07,0.04,-0.12,0.23,0.97,-12.77,64.08,31.42,-9.34,-7.53,15.68,20.02
1633,21.98,1013.19,-0.07,0.02,0.22,-0.04,0.63,5.81,80.63,-19.32,-9.27,-5.48,15.05,20.02
1664,21.98,1013.19,-0.07,-0.00,0.23,0.43,0.75,-20.25,145.87,-15.77,-9.37,-1.55,14.56,20.51
1696,21.98,1013.17,0.09,0.02,-0.56,0.08,0.95,-30.45,52.19,3.42,-10.29,0.41,14.67,21.48
1728,21.98,1013.17,0.09,0.03,-0.05,-0.05,0.64,17.98,59.18,3.64,-9.85,2.02,14.78,20.02
1759,21.98,1013.17,0.09,0.05,-0.16,0.23,0.68,16.12,58.19,12.08,-9.03,3.69,15.16,21.00
1790,21.99,1013.19,-0.12,0.01,-0.38,0.18,0.81,10.79,57.52,33.00,-8.53,5.53,16.18,20.02
1824,21.99,1013.19,-0.12,-0.01,-0.33,0.15,0.57,4.03,12.66,13.74,-8.21,6.11,16.65,21.00
1856,21.99,1013.19,-0.12,-0.03,-0.37,0.24,0.69,0.19,50.17,-4.00,-7.93,7.78,16.52,21.48
1887,21.99,1013.21,-0.28,-0.08,-0.62,0.06,0.78,8.35,29.61,3.67,-7.69,8.98,16.63,21.00
1918,21.99,1013.21,-0.28,-0.12,-0.43,0.09,0.73,11.57,-9.80,-26.94,-7.31,8.79,15.80,20.51
1950,21.99,1013.21,-0.28,-0.15,-1.15,-0.11,-1.47,49.92,55.62,-122.59,-2.17,7.31,11.88,21.00
1984,21.99,1013.20,-0.22,-0.17,-0.77,0.56,0.96,46.58,-98.94,10.81,-0.32,4.24,12.24,21.00
2015,21.99,1013.20,-0.22,-0.18,-0.49,0.02,-1.47,28.35,2.97,-39.40,3.89,4.12,11.02,20.51
2046,21.99,1013.20,-0.22,-0.19,-0.15,0.03,0.68,15.57,26.55,-22.58,4.09,4.78,10.32,20.51
2078,21.99,1013.22,-0.33,-0.21,-0.09,0.15,0.42,4.03,-11.49,-29.17,4.28,4.24,9.39,20.02
2110,21.99,1013.22,-0.33,-0.24,-0.03,0.29,0.82,-2.60,-32.82,0.45,4.25,2.85,9.40,21.00
2141,21.99,1013.22,-0.33,-0.25,-0.22,0.08,0.65,-4.86,-1.93,-5.29,3.91,2.79,9.24,21.48
2174,21.99,1013.23,-0.44,-0.29,-0.07,0.02,0.67,-12.26,-8.77,-35.29,3.24,2.26,8.07,21.97
2206,21.99,1013.23,-0.44,-0.32,-0.10,0.21,0.68,-6.65,-47.12,11.09,3.06,0.58,8.43,21.97
2238,21.99,1013.23,-0.44,-0.34,-0.09,0.08,0.70,-12.84,-78.96,22.58,2.49,-2.08,9.15,20.51
2269,21.99,1013.23,-0.42,-0.36,-0.07,0.15,0.70,-11.23,-4.99,-14.87,2.10,-2.39,8.69,21.48
2300,21.99,1013.23,-0.42,-0.37,-0.07,0.15,0.83,1.86,-1.45,12.13,2.08,-2.61,9.07,21.00
2332,21.99,1013.23,-0.42,-0.38,-0.06,0.07,0.77,12.79,7.88,27.73,2.31,-2.54,9.95,21.00
2366,22.00,1013.22,-0.38,-0.38,-0.10,0.05,0.74,-0.66,-2.94,-11.54,2.08,-2.76,9.56,20.02
2397,22.00,1013.22,-0.38,-0.38,-0.09,0.21,0.75,-13.67,-6.09,-26.26,1.70,-3.08,8.75,21.00
2428,22.00,1013.22,-0.38,-0.38,-0.07,0.13,0.77,-46.36,-12.03,-45.22,0.20,-3.59,7.35,21.48
2460,22.00,1013.21,-0.24,-0.35,0.17,-0.29,0.65,-42.55,1.97,28.13,-1.84,-4.04,8.25,21.48
2492,22.00,1013.21,-0.24,-0.33,-0.12,0.08,0.79,12.50,6.05,14.98,-1.54,-3.91,8.73,21.00
2523,22.00,1013.21,-0.24,-0.31,-0.08,0.06,0.77,13.16,9.87,34.05,-1.27,-3.73,9.78,21.48
2556,22.00,1013.22,-0.38,-0.32,-0.07,0.10,0.76,18.90,13.56,52.95,-0.72,-3.43,11.53,21.48
2588,22.00,1013.22,-0.38,-0.34,-0.35,0.28,0.82,7.72,17.87,50.32,-0.35,-2.68,13.14,21.00
2620,22.00,1013.22,-0.38,-0.34,-0.05,0.17,0.77,-5.99,-0.54,-19.25,-0.51,-2.89,12.52,21.48
2651,21.99,1013.20,-0.18,-0.31,-0.19,0.14,0.72,-1.29,-7.87,-28.24,-0.57,-3.09,11.65,21.48
2682,21.99,1013.20,-0.18,-0.29,-0.08,0.10,0.78,4.70,2.34,6.55,-0.50,-3.16,11.85,21.00
2714,21.99,1013.20,-0.18,-0.27,-0.08,0.16,0.76,6.59,-1.35,12.20,-0.29,-3.33,12.24,20.51
2748,21.99,1013.23,-0.40,-0.29,-0.09,0.13,0.77,0.91,0.26,-9.19,-0.30,-3.44,11.93,21.97
2779,21.99,1013.23,-0.40,-0.31,-0.08,0.14,0.77,3.39,0.91,0.55,-0.23,-3.55,11.95,20.02
2810,21.99,1013.23,-0.40,-0.33,-0.09,0.13,0.77,3.14,0.60,-0.48,-0.18,-3.65,11.93,20.51
2842,21.99,1013.23,-0.47,-0.36,-0.08,0.13,0.76,2.73,-0.01,-2.04,-0.14,-3.77,11.87,21.48
2873,21.99,1013.23,-0.47,-0.38,-0.08,0.14,0.76,2.90,-0.33,-1.35,-0.08,-3.90,11.82,21.00
2907,21.99,1013.23,-0.47,-0.40,-0.08,0.13,0.76,3.00,0.81,-1.05,-0.03,-3.99,11.79,21.97
2938,21.99,1013.22,-0.35,-0.39,-0.08,0.13,0.76,2.94,0.45,-1.13,0.02,-4.09,11.75,20.51
2970,21.99,1013.22,-0.35,-0.38,-0.09,0.13,0.77,2.97,0.02,-1.40,0.07,-4.20,11.71,21.00
3001,21.99,1013.22,-0.35,-0.37,-0.09,0.13,0.78,2.96,-0.16,-1.31,0.10,-4.31,11.67,20.02
3032,21.99,1013.22,-0.39,-0.38,-0.09,0.13,0.77,2.84,0.01,-1.22,0.14,-4.41,11.63,20.51
3064,21.99,1013.22,-0.39,-0.38,-0.09,0.14,0.77,2.82,-0.06,-1.28,0.18,-4.52,11.59,21.00
3098,21.99,1013.22,-0.39,-0.38,-0.09,0.13,0.77,2.93,-0.10,-1.20,0.23,-4.61,11.55,21.48
3129,21.99,1013.20,-0.16,-0.34,-0.08,0.13,0.76,2.88,0.10,-1.39,0.26,-4.71,11.50,21.00
3160,21.99,1013.20,-0.16,-0.30,-0.09,0.13,0.76,2.79,0.13,-1.08,0.30,-4.80,11.47,20.51
3192,21.99,1013.20,-0.16,-0.27,-0.08,0.13,0.76,2.80,0.16,-1.23,0.33,-4.89,11.43,21.48
3224,21.99,1013.23,-0.41,-0.30,-0.07,0.13,0.76,2.68,0.37,-1.31,0.37,-4.99,11.39,21.48
3255,21.99,1013.23,-0.41,-0.32,-0.09,0.13,0.77,2.80,0.66,-1.49,0.40,-5.06,11.34,20.51
3288,21.99,1013.23,-0.41,-0.34,-0.09,0.13,0.77,2.74,0.26,-1.29,0.44,-5.14,11.30,21.97
3320,21.99,1013.24,-0.48,-0.37,-0.08,0.13,0.76,2.58,0.48,-1.43,0.47,-5.21,11.26,20.02
3352,21.99,1013.24,-0.48,-0.39,-0.09,0.13,0.76,2.67,0.69,-1.45,0.50,-5.27,11.21,21.00
3383,21.99,1013.24,-0.48,-0.41,-0.08,0.13,0.77,2.88,0.33,-1.51,0.53,-5.36,11.16,21.00
3414,21.99,1013.20,-0.20,-0.37,-0.09,0.13,0.77,3.00,0.36,-1.39,0.57,-5.43,11.12,21.48
3446,21.99,1013.20,-0.20,-0.33,-0.09,0.13,0.77,3.03,0.04,-1.26,0.60,-5.51,11.08,21.00
3480,21.99,1013.20,-0.20,-0.31,-0.08,0.14,0.77,2.84,0.74,-1.49,0.65,-5.57,11.03,20.51
3511,21.99,1013.20,-0.46,-0.34,-0.09,0.13,0.76,3.05,0.40,-1.26,0.69,-5.63,10.99,20.51
3542,21.99,1013.23,-0.46,-0.36,-0.08,0.14,0.77,3.00,-0.27,-1.08,0.72,-5.72,10.96,21.48
3574,21.99,1013.23,-0.46,-0.38,-0.08,0.13,0.77,2.96,-0.35,-1.17,0.76,-5.81,10.92,21.97
3606,21.99,1013.23,-0.46,-0.40,-0.09,0.13,0.77,2.85,-0.06,-0.99,0.79,-5.89,10.89,21.00
3637,21.99,1013.21,-0.30,-0.38,-0.08,0.13,0.77,2.77,0.37,-1.42,0.81,-5.96,10.84,21.48
3670,21.99,1013.21,-0.30,-0.36,-0.08,0.13,0.77,3.05,-0.13,-1.22,0.85,-6.04,10.80,21.00
3702,21.99,1013.21,-0.30,-0.35,-0.09,0.12,0.77,2.84,-0.01,-1.34,0.86,-6.10,10.76,21.48
3734,21.99,1013.21,-0.25,-0.33,-0.08,0.13,0.77,2.62,0.05,-1.46,0.88,-6.17,10.71,20.51
3765,21.99,1013.21,-0.25,-0.31,-0.09,0.13,0.77,2.68,0.72,-1.54,0.89,-6.22,10.67,21.00
3796,21.99,1013.21,-0.25,-0.30,-0.08,0.13,0.77,2.53,0.54,-1.66,0.91,-6.27,10.61,21.00
3828,22.00,1013.21,-0.27,-0.29,-0.09,0.13,0.77,2.84,0.77,-1.81,0.93,-6.31,10.56,21.00
3862,22.00,1013.21,-0.27,-0.29,-0.09,0.14,0.77,2.91,0.14,-1.54,0.97,-6.36,10.50,20.51
3893,22.00,1013.21,-0.27,-0.29,-0.09,0.13,0.77,2.73,0.36,-1.57,0.98,-6.42,10.45,21.00
3924,22.00,1013.21,-0.29,-0.29,-0.08,0.13,0.77,2.73,0.63,-1.46,1.00,-6.46,10.41,21.48
3956,22.00,1013.21,-0.29,-0.29,-0.08,0.13,0.77,2.82,0.52,-1.66,1.03,-6.52,10.36,20.51
3988,22.00,1013.21,-0.29,-0.29,-0.08,0.13,0.76,2.77,0.60,-1.46,1.06,-6.57,10.31,20.02
4019,22.00,1013.23,-0.41,-0.31,-0.08,0.13,0.76,2.99,0.07,-1.19,1.09,-6.63,10.27,21.48
4052,22.00,1013.23,-0.41,-0.33,-0.08,0.13,0.77,2.90,0.51,-1.48,1.11,-6.68,10.22,21.48
4084,22.00,1013.23,-0.41,-0.35,-0.08,0.13,0.76,2.70,0.69,-1.42,1.12,-6.72,10.18,21.00
4116,22.00,1013.22,-0.34,-0.35,-0.08,0.13,0.78,2.77,0.63,-1.43,1.14,-6.76,10.13,20.02
4147,22.00,1013.22,-0.34,-0.34,-0.09,0.13,0.76,3.00,0.40,-1.48,1.16,-6.80,10.09,21.00
4178,22.00,1013.22,-0.34,-0.34,-0.09,0.13,0.77,2.88,0.13,-1.00,1.18,-6.85,10.06,21.00
4212,21.99,1013.22,-0.33,-0.34,-0.08,0.13,0.77,2.77,0.86,-1.45,1.21,-6.89,10.01,20.51
4244,21.99,1013.22,-0.33,-0.34,-0.08,0.13,0.78,2.82,0.75,-1.37,1.23,-6.92,9.96,20.02
4275,21.99,1013.22,-0.33,-0.34,-0.09,0.13,0.76,2.94,0.20,-1.35,1.25,-6.97,9.92,21.00
4306,22.00,1013.23,-0.47,-0.36,-0.09,0.13,0.76,3.10,-0.07,-1.28,1.28,-7.02,9.88,21.97
4338,22.00,1013.23,-0.47,-0.38,-0.08,0.13,0.77,2.79,-0.21,-1.37,1.29,-7.09,9.84,21.48
4370,22.00,1013.23,-0.47,-0.40,-0.09,0.12,0.77,2.96,-0.19,-1.19,1.30,-7.14,9.80,21.48
4403,22.01,1013.21,-0.31,-0.38,-0.08,0.13,0.77,3.11,-0.01,-1.25,1.32,-7.19,9.76,21.00
4434,22.01,1013.21,-0.31,-0.37,-0.08,0.14,0.76,2.79,-0.13,-1.19,1.34,-7.25,9.72,21.48
4466,22.01,1013.21,-0.31,-0.36,-0.09,0.13,0.77,2.80,-0.07,-1.28,1.36,-7.29,9.68,20.51
4498,22.00,1013.22,-0.36,-0.36,-0.09,0.13,0.77,2.85,-0.07,-1.22,1.37,-7.34,9.64,21.00
4529,22.00,1013.22,-0.36,-0.36,-0.09,0.13,0.76,2.93,0.57,-1.32,1.39,-7.36,9.60,21.48
4560,22.00,1013.22,-0.36,-0.36,-0.09,0.13,0.77,2.84,0.65,-1.28,1.40,-7.38,9.56,21.97
4593,22.01,1013.22,-0.39,-0.37,-0.08,0.14,0.77,2.74,0.65,-1.45,1.43,-7.42,9.51,21.00
4625,22.01,1013.22,-0.39,-0.37,-0.09,0.13,0.77,2.79,0.49,-1.43,1.44,-7.44,9.47,21.00
4657,22.01,1013.22,-0.39,-0.37,-0.09,0.13,0.77,2.73,0.69,-1.46,1.44,-7.46,9.42,20.51
4687,22.00,1013.22,-0.36,-0.37,-0.09,0.14,0.77,2.94,0.33,-1.26,1.47,-7.49,9.38,21.48
4719,22.00,1013.22,-0.36,-0.37,-0.08,0.13,0.77,3.00,0.02,-1.16,1.49,-7.54,9.35,20.51
4750,22.00,1013.22,-0.36,-0.37,-0.08,0.13,0.77,2.90,0.05,-1.26,1.50,-7.58,9.31,21.00
4782,22.01,1013.21,-0.24,-0.34,-0.08,0.13,0.76,3.00,0.13,-1.32,1.52,-7.61,9.26,21.48
4814,22.01,1013.21,-0.24,-0.32,-0.08,0.13,0.77,3.11,-0.03,-1.16,1.54,-7.66,9.23,21.00
4846,22.01,1013.21,-0.24,-0.30,-0.08,0.14,0.77,3.11,-0.24,-1.29,1.57,-7.70,9.19,21.00
4877,22.01,1013.21,-0.25,-0.29,-0.08,0.13,0.77,2.82,-0.01,-1.25,1.57,-7.74,9.15,21.48
4908,22.01,1013.21,-0.25,-0.28,-0.08,0.13,0.77,2.74,0.04,-1.37,1.57,-7.78,9.10,20.51
4940,22.01,1013.21,-0.25,-0.28,-0.09,0.13,0.76,2.68,0.11,-1.35,1.58,-7.81,9.06,21.00
4973,22.01,1013.20,-0.20,-0.26,-0.09,0.13,0.76,2.87,0.02,-1.23,1.60,-7.84,9.02,21.48
5004,22.01,1013.20,-0.20,-0.25,-0.09,0.13,0.77,2.73,0.34,-1.37,1.60,-7.86,8.98,21.00
5035,22.01,1013.20,-0.20,-0.24,-0.09,0.13,0.76,2.82,0.60,-1.28,1.61,-7.86,8.94,21.00
5067,22.01,1013.21,-0.26,-0.24,-0.09,0.13,0.76,2.67,0.71,-1.34,1.62,-7.88,8.90,21.48
5099,22.01,1013.21,-0.26,-0.25,-0.08,0.14,0.77,2.68,0.59,-1.39,1.63,-7.90,8.85,21.00
5130,22.01,1013.21,-0.26,-0.25,-0.09,0.14,0.76,2.91,0.10,-1.35,1.65,-7.92,8.81,21.48
5163,22.01,1013.22,-0.33,-0.27,-0.08,0.13,0.77,2.80,0.52,-1.37,1.67,-7.94,8.76,21.97
5194,22.01,1013.22,-0.33,-0.28,-0.09,0.13,0.76,2.88,0.36,-1.29,1.67,-7.96,8.72,21.00
5225,22.01,1013.22,-0.33,-0.29,-0.09,0.13,0.77,3.14,-0.12,-1.13,1.69,-7.99,8.69,21.48
5256,22.01,1013.25,-0.58,-0.35,-0.08,0.13,0.78,2.87,0.01,-1.48,1.69,-8.03,8.64,21.48
5287,22.01,1013.25,-0.58,-0.40,-0.09,0.13,0.76,2.90,0.45,-1.46,1.69,-8.03,8.60,21.00
5319,22.01,1013.25,-0.58,-0.43,-0.09,0.13,0.77,2.59,0.60,-1.25,1.70,-8.05,8.56,21.00
5352,22.01,1013.22,-0.33,-0.41,-0.08,0.14,0.76,2.84,0.28,-1.49,1.72,-8.07,8.51,21.00
5382,22.01,1013.22,-0.33,-0.39,-0.09,0.13,0.77,2.96,0.30,-1.29,1.71,-8.09,8.47,20.51
5413,22.01,1013.22,-0.33,-0.38,-0.09,0.13,0.76,2.94,0.01,-1.03,1.73,-8.12,8.44,21.48
5445,22.01,1013.22,-0.33,-0.37,-0.08,0.13,0.78,2.73,-0.13,-1.03,1.73,-8.16,8.40,21.48
5477,22.01,1013.23,-0.42,-0.38,-0.08,0.13,0.76,2.76,0.19,-1.13,1.73,-8.18,8.37,21.00
5508,22.01,1013.23,-0.42,-0.39,-0.08,0.13,0.77,2.87,0.11,-1.29,1.74,-8.21,8.33,20.51
5542,22.01,1013.23,-0.42,-0.40,-0.09,0.13,0.77,3.00,-0.10,-1.40,1.76,-8.24,8.28,20.51
5574,22.01,1013.23,-0.45,-0.41,-0.08,0.13,0.77,2.97,-0.33,-1.43,1.77,-8.28,8.24,21.48
5605,22.01,1013.23,-0.45,-0.41,-0.08,0.14,0.77,2.85,0.19,-1.32,1.78,-8.30,8.19,21.00
5636,22.01,1013.23,-0.45,-0.42,-0.09,0.13,0.77,2.70,0.33,-1.29,1.78,-8.31,8.15,20.02
5668,22.01,1013.20,-0.22,-0.38,-0.09,0.13,0.76,2.74,0.30,-1.32,1.78,-8.32,8.11,20.51
5700,22.01,1013.20,-0.22,-0.35,-0.09,0.13,0.77,2.77,0.51,-1.32,1.79,-8.32,8.07,21.48
5733,22.01,1013.20,-0.22,-0.32,-0.10,0.19,0.75,-3.74,3.47,3.90,1.68,-8.22,8.20,20.51
5764,22.01,1013.20,-0.16,-0.29,0.36,0.32,2.40,-119.55,-37.61,63.64,-2.19,-9.72,10.23,21.48
检测到起飞!
5803,22.01,1013.20,-0.16,-0.26,-0.02,0.12,0.79,-74.42,4.95,17.94,-4.98,-9.63,10.92,21.00
5835,22.01,1013.20,-0.20,-0.25,-0.03,0.20,0.97,-65.47,-39.64,-19.78,-6.95,-10.96,10.28,21.97
5867,22.01,1013.20,-0.20,-0.24,-0.05,0.25,0.78,-73.35,-2.12,19.45,-8.99,-11.06,10.91,21.00
5900,22.01,1013.20,-0.20,-0.23,-0.07,0.14,0.65,-64.02,12.49,16.23,-10.88,-10.63,11.44,21.48
5931,22.01,1013.19,-0.15,-0.22,-0.15,-0.03,0.26,-127.20,13.42,32.13,-14.87,-9.72,12.44,21.48
5963,22.02,1013.20,-0.15,-0.20,-0.14,0.18,0.79,-105.50,26.20,38.13,-17.87,-8.83,13.66,20.02
5995,22.02,1013.20,-0.15,-0.19,-0.09,0.14,0.79,-65.79,-1.83,6.61,-19.61,-8.90,13.87,21.97
6026,22.02,1013.20,-0.15,-0.18,-0.09,0.12,0.81,-3.71,2.62,11.53,-19.40,-8.84,14.23,21.48
6057,22.02,1013.21,-0.29,-0.20,-0.08,0.14,0.77,1.00,-0.41,-6.12,-19.01,-8.88,14.04,20.02
6091,22.02,1013.21,-0.29,-0.22,-0.09,0.13,0.77,3.66,0.72,0.74,-18.55,-8.86,14.06,20.51
6123,22.02,1013.21,-0.29,-0.24,-0.09,0.13,0.77,2.48,0.10,-2.39,-18.16,-8.87,13.99,21.48
6154,22.02,1013.22,-0.35,-0.26,-0.08,0.14,0.76,3.11,0.68,-1.39,-17.73,-8.87,13.94,21.48
6185,22.02,1013.22,-0.35,-0.28,-0.08,0.14,0.77,2.96,0.60,-0.96,-17.33,-8.88,13.91,21.00
6217,22.02,1013.22,-0.35,-0.29,-0.09,0.14,0.78,2.88,0.08,-1.63,-16.93,-8.89,13.86,21.00
6249,22.02,1013.23,-0.44,-0.32,-0.09,0.14,0.77,2.91,-0.07,-1.28,-16.54,-8.90,13.82,20.51
6282,22.02,1013.23,-0.44,-0.35,-0.09,0.14,0.77,3.13,0.13,-1.10,-16.15,-8.91,13.78,21.00
6313,22.02,1013.23,-0.44,-0.36,-0.09,0.14,0.77,2.96,-0.15,-1.19,-15.77,-8.93,13.75,20.51
6345,22.02,1013.22,-0.32,-0.36,-0.08,0.14,0.78,2.99,-0.30,-1.43,-15.41,-8.96,13.70,20.51
6377,22.02,1013.22,-0.32,-0.35,-0.09,0.14,0.78,2.91,-0.03,-1.08,-15.05,-8.97,13.67,21.00
6408,22.02,1013.22,-0.32,-0.34,-0.08,0.13,0.77,2.76,0.49,-1.22,-14.70,-8.98,13.63,21.48
6441,22.02,1013.20,-0.21,-0.31,-0.08,0.13,0.77,2.80,-0.09,-1.20,-14.36,-8.99,13.59,21.00
6473,22.02,1013.20,-0.21,-0.29,-0.09,0.13,0.77,3.06,0.02,-1.19,-14.03,-9.00,13.55,21.00
6505,22.02,1013.20,-0.21,-0.28,-0.09,0.13,0.76,2.96,0.28,-1.39,-13.70,-9.00,13.51,21.48
6536,22.02,1013.22,-0.38,-0.30,-0.08,0.14,0.78,2.87,0.60,-1.42,-13.38,-9.00,13.46,20.51
6567,22.02,1013.22,-0.38,-0.31,-0.08,0.13,0.77,2.80,0.57,-1.43,-13.07,-8.99,13.42,21.00
6599,22.02,1013.22,-0.38,-0.33,-0.09,0.13,0.77,2.85,0.57,-1.31,-12.76,-8.98,13.38,21.00
6633,22.02,1013.21,-0.24,-0.31,-0.09,0.14,0.77,2.79,0.33,-1.26,-12.45,-8.98,13.33,21.00
6664,22.02,1013.21,-0.24,-0.29,-0.09,0.14,0.77,2.80,0.59,-1.37,-12.15,-8.97,13.29,20.02
6695,22.02,1013.21,-0.24,-0.28,-0.09,0.13,0.77,2.85,0.84,-1.40,-11.87,-8.96,13.25,21.00
6727,22.02,1013.22,-0.37,-0.30,-0.09,0.14,0.77,2.85,0.75,-1.39,-11.57,-8.94,13.20,21.48
6759,22.02,1013.22,-0.37,-0.32,-0.08,0.13,0.77,2.84,0.37,-1.23,-11.30,-8.95,13.16,20.02
6790,22.02,1013.22,-0.37,-0.33,-0.09,0.13,0.77,2.82,-0.27,-0.97,-11.03,-8.97,13.13,21.00
6823,22.02,1013.22,-0.36,-0.33,-0.09,0.13,0.77,2.76,0.43,-1.37,-10.77,-8.97,13.09,21.00
6855,22.02,1013.22,-0.36,-0.34,-0.09,0.13,0.77,2.90,0.34,-1.28,-10.51,-8.96,13.05,21.48
6887,22.02,1013.22,-0.36,-0.34,-0.08,0.13,0.76,3.03,0.04,-1.22,-10.25,-8.98,13.01,21.48
6918,22.02,1013.22,-0.32,-0.34,-0.08,0.13,0.77,2.90,-0.19,-1.34,-10.00,-9.00,12.97,20.51
6949,22.02,1013.22,-0.32,-0.34,-0.08,0.13,0.77,2.91,-0.13,-1.28,-9.76,-9.02,12.93,21.48
6981,22.02,1013.22,-0.32,-0.33,-0.08,0.13,0.77,2.79,0.14,-1.25,-9.53,-9.03,12.89,21.00
7015,22.02,1013.22,-0.36,-0.34,-0.08,0.13,0.77,3.22,-0.13,-0.99,-9.28,-9.05,12.85,20.51
7046,22.02,1013.22,-0.36,-0.34,-0.09,0.14,0.76,2.85,0.01,-1.37,-9.03,-9.05,12.81,20.51
7077,22.02,1013.22,-0.36,-0.35,-0.09,0.14,0.77,2.76,0.11,-1.31,-8.80,-9.06,12.77,21.97
7109,22.02,1013.20,-0.16,-0.31,-0.09,0.13,0.77,2.76,0.54,-1.34,-8.58,-9.04,12.73,21.48
7141,22.02,1013.20,-0.16,-0.28,-0.08,0.14,0.76,2.84,0.49,-1.35,-8.36,-9.04,12.68,21.00
7174,22.02,1013.20,-0.16,-0.26,-0.08,0.13,0.76,2.76,0.34,-1.42,-8.15,-9.05,12.64,21.48
7205,22.03,1013.21,-0.30,-0.27,-0.08,0.13,0.77,2.80,0.26,-1.48,-7.95,-9.06,12.59,21.00
7237,22.03,1013.21,-0.30,-0.27,-0.09,0.14,0.77,2.73,0.80,-1.31,-7.74,-9.04,12.55,21.48
7269,22.03,1013.21,-0.30,-0.28,-0.09,0.13,0.77,2.93,0.63,-1.45,-7.54,-9.03,12.50,20.02
7300,22.03,1013.19,-0.13,-0.25,-0.08,0.14,0.77,2.88,0.65,-1.39,-7.34,-9.03,12.46,20.51
7332,22.03,1013.19,-0.13,-0.22,-0.08,0.13,0.77,2.94,0.68,-1.39,-7.15,-9.02,12.42,21.00
7366,22.03,1013.19,-0.13,-0.20,-0.08,0.14,0.77,2.71,0.45,-1.26,-6.95,-9.02,12.37,21.97
7398,22.03,1013.21,-0.29,-0.22,-0.08,0.14,0.76,2.76,0.60,-1.49,-6.76,-9.02,12.33,21.97
7430,22.03,1013.21,-0.29,-0.24,-0.08,0.13,0.77,2.94,0.74,-1.64,-6.58,-9.02,12.27,21.48
7461,22.03,1013.21,-0.29,-0.25,-0.09,0.13,0.77,3.02,0.77,-1.40,-6.40,-9.00,12.23,20.51
7493,22.02,1013.23,-0.43,-0.28,-0.08,0.13,0.77,3.02,0.43,-1.26,-6.23,-9.00,12.19,21.00
7525,22.02,1013.23,-0.43,-0.31,-0.08,0.14,0.76,2.96,-0.04,-1.16,-6.05,-9.02,12.15,21.00
7558,22.02,1013.23,-0.43,-0.34,-0.08,0.13,0.77,2.84,0.31,-1.19,-5.88,-9.02,12.11,21.48
7589,22.03,1013.22,-0.39,-0.35,-0.07,0.21,0.80,-3.39,-0.82,-6.70,-5.82,-9.08,11.91,20.51
7621,22.03,1013.22,-0.39,-0.36,-0.09,0.15,0.81,-49.26,-7.20,-36.64,-7.27,-9.32,10.73,20.51
7653,22.03,1013.22,-0.39,-0.37,-0.06,0.27,0.75,-101.71,-20.19,-79.31,-10.16,-10.00,8.20,21.48
7684,22.03,1013.20,-0.15,-0.32,-0.07,0.04,0.82,-97.07,0.84,7.87,-13.19,-9.98,8.45,20.51
7716,22.03,1013.20,-0.15,-0.29,-0.04,0.08,0.77,-94.11,2.62,61.10,-15.89,-9.96,10.34,21.97
7750,22.03,1013.20,-0.15,-0.26,0.04,0.09,0.77,-77.21,0.43,17.61,-18.25,-10.12,10.94,20.51
7782,22.03,1013.21,-0.30,-0.27,-0.17,0.05,0.83,-76.71,3.01,22.52,-20.46,-9.91,11.66,21.00
7814,22.03,1013.21,-0.30,-0.27,-0.06,0.04,0.76,-78.94,2.54,21.77,-22.70,-9.85,12.36,20.02
7845,22.03,1013.21,-0.30,-0.28,-0.10,0.02,0.80,-85.58,2.14,22.78,-25.06,-9.77,13.06,21.48
7877,22.03,1013.21,-0.31,-0.28,-0.07,-0.00,0.73,-84.81,4.54,27.01,-27.47,-9.64,13.93,21.00
7911,22.03,1013.21,-0.31,-0.29,-0.11,0.07,0.75,-74.77,1.75,24.23,-29.54,-9.54,14.75,21.48
7942,22.03,1013.21,-0.31,-0.29,-0.06,0.13,0.80,-71.67,7.18,40.20,-31.19,-9.36,16.00,20.02
7973,22.03,1013.21,-0.23,-0.28,-0.10,0.14,0.74,-84.02,7.15,35.45,-33.14,-9.12,17.10,21.97
8005,22.03,1013.21,-0.23,-0.27,-0.09,0.14,0.77,-86.22,6.28,24.78,-35.22,-8.93,17.89,21.00
8037,22.03,1013.21,-0.23,-0.26,-0.05,0.03,0.77,-54.87,9.44,22.49,-36.43,-8.70,18.61,21.97
8068,22.03,1013.20,-0.17,-0.24,-0.09,0.11,0.76,-57.61,2.04,13.76,-37.58,-8.64,19.05,20.02
8102,22.03,1013.20,-0.17,-0.23,-0.09,0.15,0.75,-69.96,-0.54,5.47,-39.10,-8.66,19.23,21.00
8134,22.03,1013.20,-0.17,-0.22,-0.15,0.09,0.85,-80.29,5.47,30.42,-40.96,-8.43,20.20,21.48
8166,22.03,1013.24,-0.51,-0.28,0.02,0.04,0.80,-75.88,3.29,23.10,-42.70,-8.51,20.94,21.48
8198,22.03,1013.24,-0.51,-0.32,-0.07,0.10,0.76,-42.54,4.97,18.69,-43.27,-8.40,21.54,21.97
8229,22.03,1013.24,-0.51,-0.36,-0.14,0.15,0.74,-41.90,6.98,36.66,-43.68,-8.12,22.68,21.48
8261,22.03,1013.21,-0.31,-0.35,-0.09,0.19,0.73,-37.91,12.10,35.68,-43.95,-7.76,23.82,21.48
8295,22.03,1013.21,-0.31,-0.34,-0.09,0.11,0.86,-72.75,5.39,16.80,-45.58,-7.62,24.39,20.02
8326,22.03,1013.21,-0.31,-0.34,-0.05,0.12,0.72,-74.32,-1.52,-10.84,-46.98,-7.75,24.06,20.02
8357,22.03,1013.21,-0.31,-0.33,-0.12,0.11,0.81,-32.69,1.49,1.41,-47.12,-7.70,24.10,20.51
8389,22.03,1013.21,-0.31,-0.33,-0.11,0.07,0.83,-36.55,0.88,6.92,-47.46,-7.68,24.32,21.00
8421,22.03,1013.21,-0.31,-0.32,-0.11,0.03,0.77,-40.71,-0.10,4.37,-47.99,-7.68,24.46,21.48
8454,22.04,1013.24,-0.50,-0.36,-0.09,0.07,0.80,-27.65,0.25,2.51,-48.06,-7.72,24.54,21.00
8485,22.04,1013.24,-0.50,-0.39,-0.05,0.10,0.78,-20.78,3.42,10.17,-47.81,-7.70,24.86,21.97
8517,22.04,1013.24,-0.50,-0.41,-0.07,0.13,0.79,-26.92,4.45,16.11,-47.75,-7.62,25.37,21.48
8549,22.03,1013.23,-0.42,-0.41,-0.09,0.02,0.81,-21.88,0.69,5.00,-47.70,-7.63,25.53,21.00
8580,22.03,1013.23,-0.42,-0.41,-0.07,0.04,0.80,-17.55,-2.07,-9.45,-47.48,-7.76,25.23,21.48
8612,22.03,1013.23,-0.42,-0.41,-0.08,0.04,0.76,-7.62,-1.55,-11.25,-46.94,-7.85,24.88,21.48
8646,22.03,1013.22,-0.38,-0.41,-0.08,0.06,0.79,0.55,0.55,0.28,-46.13,-7.88,24.89,21.48
8678,22.03,1013.22,-0.38,-0.40,-0.08,0.08,0.82,-5.32,2.13,9.21,-45.51,-7.86,25.19,20.02
8710,22.03,1013.22,-0.38,-0.40,-0.08,0.04,0.80,4.33,1.26,4.71,-44.65,-7.86,25.34,20.51
8741,22.03,1013.25,-0.65,-0.45,-0.08,0.07,0.80,6.22,0.68,2.75,-43.71,-7.89,25.42,21.00
8773,22.03,1013.25,-0.65,-0.49,-0.08,0.08,0.80,3.90,-0.32,-1.81,-42.84,-7.95,25.36,21.48
8805,22.03,1013.25,-0.65,-0.52,-0.07,0.06,0.79,4.64,1.71,3.70,-41.99,-7.95,25.48,21.48
8838,22.03,1013.22,-0.33,-0.48,-0.08,0.07,0.79,8.19,4.02,14.95,-41.01,-7.86,25.98,21.00
8869,22.03,1013.22,-0.33,-0.45,-0.07,0.09,0.79,11.87,7.27,26.89,-39.94,-7.69,26.81,21.48
8901,22.03,1013.22,-0.33,-0.42,-0.08,0.11,0.79,16.55,11.10,42.48,-38.71,-7.40,28.17,20.51
8933,22.03,1013.23,-0.42,-0.42,-0.10,0.21,0.81,8.87,1.93,26.51,-37.61,-7.37,29.02,21.00
8964,22.03,1013.23,-0.42,-0.42,-0.05,0.16,0.79,-3.76,0.10,-24.96,-36.99,-7.47,28.22,21.48
8998,22.03,1013.23,-0.42,-0.42,-0.09,0.11,0.79,-0.66,-2.04,-9.32,-36.34,-7.58,27.91,21.48
9030,22.04,1013.23,-0.40,-0.42,-0.07,0.11,0.79,8.45,4.31,16.08,-35.43,-7.50,28.43,21.48
9062,22.04,1013.23,-0.40,-0.41,-0.07,0.14,0.78,0.96,-1.67,-7.78,-34.73,-7.62,28.18,20.02
9094,22.04,1013.23,-0.40,-0.41,-0.09,0.13,0.79,3.98,1.03,2.11,-33.97,-7.63,28.24,21.48
9125,22.04,1013.23,-0.71,-0.47,-0.08,0.13,0.79,1.92,-0.22,-3.52,-33.28,-7.68,28.14,20.51
9157,22.04,1013.27,-0.74,-0.52,-0.07,0.14,0.78,2.85,0.40,-0.87,-32.57,-7.73,28.11,21.00
9191,22.04,1013.27,-0.74,-0.57,-0.08,0.13,0.79,3.19,0.14,-0.42,-31.86,-7.77,28.09,21.00
9222,22.04,1013.27,-0.74,-0.60,-0.08,0.13,0.79,2.62,0.17,-1.54,-31.19,-7.82,28.05,20.51
9253,22.04,1013.23,-0.44,-0.57,-0.08,0.13,0.78,2.65,0.60,-1.69,-30.54,-7.85,27.99,21.00
9285,22.04,1013.23,-0.44,-0.54,-0.08,0.14,0.80,3.03,0.69,-1.20,-29.87,-7.88,27.95,21.00
9317,22.04,1013.23,-0.44,-0.52,-0.07,0.13,0.79,2.03,-0.06,-4.24,-29.26,-7.93,27.82,21.48
9348,22.03,1013.20,-0.22,-0.46,-0.08,0.14,0.78,3.57,1.20,0.31,-28.61,-7.94,27.83,20.51
9382,22.03,1013.20,-0.22,-0.41,-0.08,0.13,0.79,2.59,0.46,-1.40,-28.01,-7.97,27.78,20.02
9414,22.03,1013.20,-0.22,-0.37,-0.08,0.13,0.79,2.74,0.63,-1.37,-27.41,-7.99,27.74,21.00
9446,22.04,1013.19,-0.10,-0.32,-0.08,0.13,0.79,2.74,0.75,-1.39,-26.83,-8.01,27.69,21.00
9478,22.04,1013.19,-0.10,-0.28,-0.08,0.13,0.78,2.85,0.74,-1.48,-26.25,-8.03,27.65,21.00
9509,22.04,1013.19,-0.10,-0.24,-0.08,0.13,0.78,3.00,0.55,-1.25,-25.67,-8.05,27.61,21.48
9541,22.04,1013.21,-0.25,-0.24,-0.08,0.13,0.78,2.99,0.28,-1.23,-25.11,-8.08,27.57,21.00
9570,22.04,1013.21,-0.25,-0.24,-0.08,0.14,0.78,2.74,0.37,-1.40,-24.58,-8.11,27.53,21.97
9601,22.04,1013.21,-0.25,-0.25,-0.08,0.13,0.78,2.77,0.80,-1.48,-24.05,-8.12,27.48,21.48
9633,22.04,1013.21,-0.26,-0.25,-0.08,0.14,0.78,2.77,0.71,-1.51,-23.52,-8.14,27.43,21.48
9665,22.04,1013.21,-0.26,-0.25,-0.08,0.13,0.78,2.84,0.80,-1.46,-23.02,-8.16,27.39,21.00
9696,22.04,1013.21,-0.26,-0.25,-0.08,0.13,0.79,3.05,-0.10,-1.34,-22.52,-8.19,27.35,20.51
9729,22.04,1013.23,-0.40,-0.28,-0.08,0.14,0.79,2.94,0.69,-1.40,-22.01,-8.21,27.30,21.48
9761,22.04,1013.23,-0.40,-0.30,-0.08,0.13,0.79,2.88,0.83,-1.37,-21.53,-8.22,27.26,21.00
9793,22.04,1013.23,-0.40,-0.32,-0.08,0.13,0.79,2.70,0.69,-1.17,-21.07,-8.23,27.22,21.48
9824,22.04,1013.19,-0.11,-0.28,-0.08,0.14,0.79,3.13,0.19,-1.22,-20.60,-8.26,27.18,21.48
9855,22.04,1013.19,-0.11,-0.24,-0.07,0.13,0.78,3.00,-0.25,-1.35,-20.14,-8.31,27.14,21.48
9887,22.04,1013.19,-0.11,-0.22,-0.08,0.13,0.79,2.93,-0.09,-1.11,-19.71,-8.35,27.10,21.00
9921,22.03,1013.23,-0.40,-0.25,-0.08,0.14,0.79,2.93,0.33,-1.29,-19.26,-8.37,27.06,21.48
9952,22.03,1013.23,-0.40,-0.28,-0.08,0.14,0.78,2.93,-0.35,-1.26,-18.83,-8.42,27.02,21.00
9983,22.03,1013.23,-0.40,-0.31,-0.08,0.14,0.78,2.96,-0.25,-1.37,-18.40,-8.46,26.98,21.48
10015,22.03,1013.21,-0.24,-0.29,-0.09,0.13,0.78,2.68,0.02,-1.23,-18.00,-8.48,26.94,21.00
10047,22.03,1013.21,-0.24,-0.28,-0.06,0.13,0.77,3.03,0.26,-0.93,-17.59,-8.53,26.91,21.48
10078,22.03,1013.21,-0.24,-0.27,-0.09,0.13,0.79,2.93,0.52,-1.52,-17.20,-8.53,26.86,20.51
10111,22.03,1013.21,-0.30,-0.28,-0.08,0.13,0.78,2.73,-0.04,-1.35,-16.82,-8.57,26.82,21.48
10143,22.03,1013.21,-0.30,-0.28,-0.08,0.13,0.78,2.91,-0.06,-1.48,-16.44,-8.61,26.77,20.51
10175,22.03,1013.21,-0.30,-0.29,-0.08,0.14,0.79,2.74,0.40,-1.10,-16.06,-8.63,26.73,20.02
10206,22.03,1013.24,-0.52,-0.33,-0.09,0.13,0.79,2.93,0.83,-1.32,-15.70,-8.63,26.69,21.97
10237,22.03,1013.24,-0.52,-0.37,-0.08,0.13,0.79,2.91,0.77,-1.45,-15.35,-8.63,26.65,21.48
10271,22.03,1013.24,-0.52,-0.40,-0.08,0.14,0.79,2.70,0.31,-1.37,-15.00,-8.66,26.60,21.00
10303,22.03,1013.19,-0.10,-0.34,-0.08,0.13,0.78,2.74,0.62,-1.35,-14.66,-8.67,26.56,21.48
10334,22.03,1013.19,-0.10,-0.29,-0.08,0.13,0.79,2.80,0.78,-1.40,-14.33,-8.67,26.51,20.51
10365,22.03,1013.19,-0.10,-0.25,-0.08,0.13,0.78,2.93,0.62,-1.48,-14.00,-8.68,26.47,21.48
10397,22.03,1013.21,-0.27,-0.26,-0.08,0.14,0.79,3.00,0.31,-1.26,-13.67,-8.70,26.43,21.00
10429,22.03,1013.21,-0.27,-0.26,-0.08,0.14,0.78,2.97,0.02,-1.25,-13.35,-8.73,26.39,20.02
10462,22.03,1013.21,-0.27,-0.26,-0.08,0.13,0.79,2.74,0.71,-1.29,-13.04,-8.73,26.35,21.48
10493,22.03,1013.19,-0.07,-0.22,-0.08,0.13,0.78,2.93,-0.10,-1.20,-12.74,-8.77,26.31,21.00
10525,22.03,1013.19,-0.07,-0.19,-0.08,0.13,0.78,3.11,-0.06,-1.13,-12.44,-8.80,26.27,21.00
10557,22.03,1013.19,-0.07,-0.17,-0.08,0.13,0.79,2.94,0.01,-1.13,-12.16,-8.82,26.24,20.02
10588,22.03,1013.22,-0.35,-0.20,-0.08,0.14,0.79,2.91,-0.09,-1.19,-11.87,-8.85,26.20,21.48
10619,22.03,1013.22,-0.35,-0.23,-0.08,0.13,0.78,2.70,0.22,-1.37,-11.60,-8.87,26.16,21.48
10653,22.03,1013.22,-0.35,-0.26,-0.08,0.13,0.79,3.05,-0.12,-1.26,-11.32,-8.90,26.11,21.48
10685,22.03,1013.21,-0.26,-0.26,-0.08,0.13,0.78,2.90,-0.16,-1.25,-11.05,-8.93,26.07,20.02
10716,22.03,1013.21,-0.26,-0.26,-0.08,0.13,0.79,2.85,0.05,-1.23,-10.79,-8.95,26.04,21.00
10747,22.03,1013.21,-0.26,-0.26,-0.08,0.13,0.79,2.87,0.22,-1.37,-10.54,-8.96,25.99,20.51
10779,22.03,1013.20,-0.19,-0.25,-0.08,0.13,0.78,2.68,0.37,-1.32,-10.29,-8.97,25.95,20.51
10813,22.03,1013.20,-0.19,-0.24,-0.08,0.14,0.79,3.13,-0.13,-1.29,-10.03,-9.00,25.91,21.48
10844,22.03,1013.20,-0.19,-0.23,-0.12,0.14,0.82,3.43,0.59,-1.08,-9.77,-8.95,25.87,20.02
10875,22.03,1013.20,-0.20,-0.22,-0.08,0.13,0.79,2.79,0.34,-1.32,-9.54,-8.96,25.83,20.02
10907,22.03,1013.20,-0.20,-0.22,-0.07,0.13,0.79,2.82,0.39,-1.39,-9.32,-8.98,25.79,21.00
10939,22.03,1013.20,-0.20,-0.22,-0.09,0.14,0.80,2.88,0.39,-1.63,-9.10,-8.98,25.74,21.48
10971,22.03,1013.20,-0.16,-0.20,-0.09,0.13,0.79,2.77,0.63,-1.40,-8.87,-8.97,25.69,21.00
11004,22.03,1013.20,-0.16,-0.20,-0.08,0.13,0.79,2.71,0.45,-1.34,-8.66,-8.98,25.65,21.00
11036,22.03,1013.20,-0.16,-0.19,-0.07,0.13,0.79,2.77,0.54,-1.46,-8.45,-9.00,25.60,21.00
11068,22.03,1013.18,-0.05,-0.16,-0.01,0.11,0.73,2.38,-0.50,-1.80,-8.27,-9.13,25.54,20.51
11099,22.03,1013.18,-0.05,-0.14,-0.02,0.13,0.74,2.35,-0.99,-1.74,-8.09,-9.26,25.49,20.51
11130,22.03,1013.18,-0.05,-0.12,-0.10,0.14,0.80,3.23,1.33,-0.67,-7.87,-9.21,25.47,20.51
11162,22.03,1013.20,-0.18,-0.13,-0.07,0.13,0.78,3.26,1.35,-0.82,-7.67,-9.20,25.44,20.51
11196,22.03,1013.20,-0.18,-0.14,-0.08,0.13,0.79,2.68,0.22,-1.58,-7.47,-9.21,25.39,21.00
11227,22.03,1013.20,-0.18,-0.15,-0.08,0.14,0.79,2.64,0.31,-1.74,-7.29,-9.22,25.33,20.51
11258,22.03,1013.20,-0.22,-0.16,-0.09,0.14,0.78,2.88,0.68,-1.43,-7.09,-9.21,25.29,21.97
11290,22.03,1013.20,-0.22,-0.17,-0.05,0.13,0.79,7.42,-1.63,-2.03,-6.77,-9.33,25.23,21.00
11321,22.03,1013.20,-0.22,-0.18,0.30,0.04,1.23,222.65,-45.35,-47.55,-0.08,-11.11,23.75,21.48
11352,22.03,1013.20,-0.36,-0.22,-0.20,0.32,1.22,242.26,-34.50,-131.02,7.57,-12.11,19.56,21.00
11383,22.04,1013.22,-0.36,-0.25,-0.13,0.24,0.27,198.47,-26.87,-142.70,13.79,-12.59,15.28,21.00
11416,22.04,1013.22,-0.36,-0.27,-0.25,0.37,0.45,225.43,34.13,-37.54,21.29,-11.10,14.04,20.51
11447,22.04,1013.22,-0.36,-0.29,-0.03,0.05,0.70,118.26,0.84,-2.68,24.30,-11.13,13.96,20.51
11478,22.04,1013.20,-0.20,-0.27,0.15,-0.23,0.79,97.80,-13.74,-84.04,26.23,-11.85,11.35,21.00
11510,22.04,1013.20,-0.20,-0.26,0.03,-0.19,0.73,113.49,5.29,-14.59,28.74,-11.80,10.88,21.00
11544,22.04,1013.20,-0.20,-0.25,-0.07,0.07,0.78,81.55,-2.71,-27.19,30.74,-11.87,9.96,21.97
11575,22.04,1013.23,-0.45,-0.29,-0.08,0.06,0.85,47.51,-1.58,-13.31,31.41,-11.88,9.55,21.00
11606,22.04,1013.23,-0.45,-0.32,-0.07,0.06,0.82,8.68,0.46,-3.52,30.89,-11.85,9.44,20.51
11638,22.04,1013.23,-0.45,-0.35,-0.07,0.05,0.80,7.20,3.76,12.16,30.33,-11.70,9.83,20.51
11670,22.04,1013.23,-0.45,-0.37,-0.07,0.07,0.80,11.46,6.36,24.32,29.95,-11.48,10.61,21.48
11701,22.04,1013.23,-0.45,-0.38,-0.07,0.09,0.80,15.55,8.66,36.87,29.71,-11.20,11.75,21.00
11740,22.04,1013.23,-0.23,-0.35,-0.12,0.18,0.77,11.29,-2.15,27.19,29.57,-11.21,12.81,21.00
11771,22.04,1013.21,-0.23,-0.33,-0.05,0.15,0.78,-2.03,-0.70,-18.03,28.89,-11.25,12.25,21.00
11803,22.04,1013.21,-0.23,-0.31,-0.12,0.13,0.81,1.95,-2.61,-17.08,28.32,-11.26,11.70,21.48
11835,22.04,1013.21,-0.23,-0.30,-0.07,0.10,0.79,7.23,4.07,12.57,27.89,-11.13,12.11,21.48
11946,22.04,1013.22,-0.34,-0.30,-0.09,0.12,0.79,3.16,0.46,-0.30,27.60,-11.05,12.07,21.00
11980,22.04,1013.22,-0.34,-0.31,-0.08,0.12,0.79,2.33,0.43,-2.50,27.06,-11.02,11.99,20.02
12012,22.04,1013.22,-0.34,-0.32,-0.08,0.12,0.79,2.96,0.78,-1.10,26.55,-10.97,11.95,21.48
12043,22.04,1013.19,-0.10,-0.27,-0.10,0.13,0.77,3.84,-0.56,1.77,26.09,-10.94,12.01,21.97
12074,22.04,1013.19,-0.10,-0.24,-0.10,0.11,0.76,1.66,1.15,1.70,25.54,-10.85,12.06,21.00
12106,22.04,1013.19,-0.10,-0.21,-0.06,0.08,0.63,-116.25,7.61,25.48,21.28,-10.61,12.88,21.48
12138,22.04,1013.21,-0.26,-0.22,-0.40,-0.03,-0.36,-119.09,75.44,49.62,20.55,-12.11,14.46,21.00
12171,22.04,1013.21,-0.26,-0.23,-0.07,0.10,1.25,-105.62,3.65,26.42,16.58,-12.01,15.33,21.00
12202,22.04,1013.21,-0.26,-0.23,0.01,0.26,0.82,-42.65,8.33,-6.94,15.06,-11.84,15.12,21.00
12234,22.05,1013.21,-0.31,-0.25,-0.06,0.12,0.76,-96.68,-1.80,-2.45,11.66,-11.89,15.04,21.48
12266,22.05,1013.21,-0.31,-0.26,0.11,0.36,0.66,-161.82,20.26,43.06,6.68,-11.51,16.42,21.00
12297,22.05,1013.21,-0.31,-0.27,-0.26,0.32,0.85,-139.74,20.42,76.48,2.46,-10.65,18.79,21.48
12330,22.04,1013.22,-0.33,-0.28,-0.06,-0.13,1.16,-131.42,1.97,29.50,-2.21,-10.63,19.76,21.48
12362,22.04,1013.22,-0.33,-0.29,0.07,0.02,0.78,-109.10,1.15,14.46,-5.79,-10.80,20.23,20.51
12394,22.04,1013.22,-0.33,-0.30,-0.01,0.31,0.72,-145.65,11.47,39.10,-10.01,-10.53,21.48,20.51
12425,22.04,1013.23,-0.42,-0.32,-0.09,0.08,0.84,-133.01,17.03,60.98,-13.99,-10.00,23.37,21.97
12456,22.04,1013.23,-0.42,-0.34,-0.09,-0.13,0.76,-75.06,6.63,15.15,-16.42,-9.78,23.84,20.51
12488,22.04,1013.23,-0.42,-0.36,-0.13,0.17,0.62,-30.98,5.97,10.54,-17.00,-9.47,24.17,21.48
12522,22.04,1013.20,-0.15,-0.32,-0.06,0.10,0.93,-38.72,6.89,4.29,-18.06,-9.30,24.32,20.51
12553,22.04,1013.20,-0.15,-0.28,-0.10,0.08,0.89,-25.30,3.04,7.96,-18.61,-9.21,24.57,21.48
12584,22.04,1013.20,-0.15,-0.26,-0.05,0.09,0.87,-7.44,-0.94,-3.84,-18.58,-9.30,24.45,21.97
12616,22.04,1013.22,-0.36,-0.28,-0.06,0.10,0.85,-11.33,-1.77,-9.72,-18.67,-9.40,24.14,21.00
12648,22.04,1013.22,-0.36,-0.29,-0.07,0.09,0.82,0.24,-2.45,-10.01,-18.40,-9.51,23.82,20.51
12681,22.04,1013.22,-0.36,-0.31,-0.08,0.09,0.81,0.55,-0.27,-6.41,-18.13,-9.53,23.61,21.97
12712,22.05,1013.24,-0.52,-0.35,-0.08,0.08,0.82,4.96,-1.66,-15.68,-17.74,-9.60,23.12,21.48
12744,22.05,1013.24,-0.52,-0.38,-0.07,0.07,0.80,4.35,2.14,4.83,-17.39,-9.56,23.27,21.00
12776,22.05,1013.24,-0.52,-0.41,-0.07,0.09,0.80,10.84,6.45,23.52,-16.81,-9.37,24.03,20.02
12807,22.04,1013.21,-0.26,-0.38,-0.06,0.10,0.80,16.10,9.50,40.68,-16.09,-9.13,25.29,20.51
12838,22.04,1013.21,-0.26,-0.35,-0.04,0.16,0.80,6.70,-1.99,12.83,-15.58,-9.26,25.68,20.51
12872,22.04,1013.21,-0.26,-0.33,-0.09,0.11,0.79,-3.15,-0.29,-21.78,-15.45,-9.27,24.94,21.48
12904,22.05,1013.21,-0.28,-0.32,-0.05,0.09,0.81,4.55,1.32,2.11,-15.11,-9.29,25.01,20.51
12935,22.05,1013.21,-0.28,-0.32,-0.08,0.13,0.80,2.29,-0.67,-2.82,-14.80,-9.34,24.92,20.51
12966,22.05,1013.21,-0.28,-0.31,-0.09,0.20,0.78,-0.19,1.85,0.00,-14.46,-9.28,24.92,21.48
12998,22.05,1013.21,-0.07,-0.26,-0.07,-0.23,0.81,-33.07,1.68,1.88,-15.76,-9.27,24.98,20.02
13030,22.04,1013.19,-0.07,-0.22,-0.07,0.12,0.80,-1.65,-1.20,-7.42,-15.57,-9.33,24.75,21.48
13063,22.04,1013.19,-0.07,-0.19,-0.07,0.10,0.81,-1.04,-4.56,-24.77,-15.38,-9.52,23.93,21.00
13094,22.04,1013.19,-0.29,-0.21,-0.09,0.13,0.81,22.91,-7.31,-36.12,-14.43,-9.74,22.81,21.00
13126,22.04,1013.21,-0.26,-0.22,-0.02,0.28,0.88,13.92,-2.04,-14.39,-13.59,-9.90,22.35,21.48
13158,22.04,1013.21,-0.26,-0.23,-0.08,0.14,0.80,-1.93,5.36,19.71,-13.42,-9.73,22.98,21.97
13190,22.04,1013.21,-0.26,-0.23,-0.09,-0.01,0.89,6.44,-0.80,2.20,-13.21,-9.77,23.05,20.51
13223,22.05,1013.20,-0.18,-0.22,-0.06,0.03,0.82,7.64,2.45,-17.20,-12.89,-9.72,22.48,21.00
13255,22.05,1013.20,-0.18,-0.21,-0.11,0.14,0.76,2.62,3.88,1.55,-12.58,-9.56,22.53,21.48
13287,22.05,1013.20,-0.18,-0.21,-0.18,0.04,0.53,5.46,9.13,20.48,-12.32,-9.02,23.19,21.97
13318,22.05,1013.19,-0.07,-0.18,-0.06,-0.01,0.66,3.95,2.40,-1.86,-12.21,-8.97,23.13,20.51
13349,22.05,1013.19,-0.07,-0.16,-0.00,0.06,1.04,2.04,-7.38,-10.47,-12.08,-9.33,22.81,20.51
13381,22.05,1013.19,-0.07,-0.14,-0.18,0.21,0.57,-3.65,7.36,21.99,-11.80,-8.91,23.51,21.48
13415,22.04,1013.20,-0.17,-0.15,0.03,0.17,1.46,10.39,3.44,27.35,-11.33,-8.95,24.44,21.48
13446,22.04,1013.20,-0.17,-0.15,0.35,-0.25,2.53,18.50,-11.52,-13.75,-10.89,-9.59,24.01,20.51
13477,22.04,1013.20,-0.17,-0.15,-0.02,0.10,0.74,0.06,2.19,-13.86,-10.76,-9.62,23.58,21.48
13509,22.04,1013.20,-0.20,-0.16,-0.30,0.17,-0.19,6.39,6.17,-2.87,-7.50,-8.96,23.49,21.48
13541,22.04,1013.20,-0.20,-0.17,-0.05,0.08,1.18,11.25,-3.69,4.48,-7.17,-9.17,23.64,20.51
13574,22.04,1013.20,-0.20,-0.18,-0.00,0.20,1.14,-1.36,-9.48,-0.93,-7.11,-9.61,23.60,21.97
13605,22.04,1013.18,-0.04,-0.15,-0.21,0.10,0.28,-3.97,4.48,-1.25,-7.02,-8.88,23.57,20.51
13637,22.04,1013.18,-0.04,-0.13,-0.10,0.06,0.72,4.18,-2.39,-6.88,-6.89,-8.94,23.35,21.48
13669,22.04,1013.18,-0.04,-0.11,-0.09,0.11,0.77,10.33,-3.28,-7.26,-6.51,-9.05,23.11,21.48
13700,22.04,1013.18,-0.06,-0.10,-0.09,0.16,0.85,11.26,-6.51,-12.47,-6.05,-9.28,22.71,20.51
13732,22.04,1013.18,-0.06,-0.09,-0.08,0.13,0.85,-4.46,-7.89,-13.95,-6.12,-9.54,22.28,20.02
13766,22.04,1013.18,-0.06,-0.09,-0.09,0.02,0.83,-2.32,-1.54,-4.84,-6.30,-9.60,22.12,21.48
13798,22.04,1013.18,-0.00,-0.07,-0.08,0.13,0.80,10.82,2.75,7.06,-5.89,-9.53,22.34,21.48
13830,22.04,1013.18,-0.00,-0.06,-0.14,0.08,0.69,9.89,-1.80,-11.64,-5.56,-9.49,21.97,20.51
13861,22.04,1013.18,-0.00,-0.04,-0.08,0.15,0.77,-3.71,-6.27,-24.07,-5.59,-9.69,21.22,21.00
13893,22.04,1013.21,-0.24,-0.08,-0.15,0.04,0.58,3.48,-2.25,-14.56,-5.53,-9.60,20.76,21.00
13925,22.04,1013.21,-0.24,-0.11,-0.10,0.15,0.63,4.91,5.52,4.78,-5.25,-9.39,20.91,21.00
13958,22.04,1013.21,-0.24,-0.14,-0.07,0.17,0.75,8.59,0.20,4.13,-4.86,-9.40,21.05,21.00
13989,22.05,1013.22,-0.35,-0.18,-0.08,0.08,0.69,11.49,-2.09,-5.58,-4.51,-9.46,20.87,21.00
14021,22.05,1013.22,-0.35,-0.22,-0.08,0.17,0.90,9.37,-6.88,-9.92,-4.16,-9.71,20.56,21.48
14053,22.05,1013.22,-0.35,-0.24,-0.18,0.84,0.73,42.33,6.68,-3.77,-2.03,-9.44,20.44,21.00
14084,22.05,1013.21,-0.28,-0.25,-0.19,0.02,0.53,18.00,3.06,-9.42,-1.62,-9.08,20.14,21.00
14118,22.05,1013.21,-0.28,-0.26,-0.04,0.08,0.86,-4.43,1.15,12.43,-1.86,-9.12,20.55,20.02
14150,22.05,1013.21,-0.28,-0.26,-0.01,-0.06,0.94,-4.90,-0.29,2.26,-2.29,-9.25,20.62,20.51
14182,22.04,1013.17,0.10,-0.19,-0.05,0.09,0.83,17.00,-3.26,-35.10,-1.83,-9.41,19.49,21.00
14214,22.04,1013.17,0.10,-0.13,-0.11,0.13,0.77,15.31,-0.68,-3.40,-1.36,-9.40,19.39,21.00
14245,22.04,1013.17,0.10,-0.08,-0.09,0.06,0.79,5.03,1.41,-0.50,-1.33,-9.36,19.37,21.48
14277,22.05,1013.21,-0.24,-0.12,-0.08,0.11,0.83,8.73,1.90,4.87,-1.12,-9.32,19.53,21.48
14311,22.05,1013.21,-0.24,-0.14,-0.11,0.00,0.80,10.13,2.45,8.03,-1.00,-9.22,19.80,21.00
14342,22.05,1013.21,-0.24,-0.16,-0.08,0.09,0.82,5.34,4.57,16.11,-0.92,-9.11,20.30,21.48
14373,22.04,1013.20,-0.21,-0.17,-0.08,0.08,0.81,-0.45,3.82,10.42,-1.04,-9.02,20.62,20.02
14405,22.04,1013.20,-0.21,-0.18,-0.08,0.08,0.81,5.02,2.98,8.02,-1.00,-8.94,20.88,21.48
14437,22.04,1013.20,-0.21,-0.18,-0.07,0.08,0.81,5.58,3.68,7.09,-0.93,-8.87,21.11,21.48
14468,22.05,1013.20,-0.21,-0.19,-0.09,0.11,0.79,1.87,3.32,10.07,-0.93,-8.78,21.43,20.51
14502,22.05,1013.20,-0.21,-0.19,-0.08,0.10,0.80,-1.53,-1.93,-9.71,-1.06,-8.87,21.11,20.51
14534,22.05,1013.20,-0.21,-0.20,-0.06,0.10,0.81,-0.29,-0.21,-6.84,-1.15,-8.93,20.89,21.48
14566,22.05,1013.19,-0.10,-0.18,-0.08,0.10,0.83,1.40,2.91,2.92,-1.19,-8.86,20.98,21.48
14598,22.05,1013.19,-0.10,-0.16,-0.09,0.09,0.80,3.25,0.54,-1.32,-1.18,-8.86,20.94,21.48
14629,22.05,1013.19,-0.10,-0.15,-0.07,0.10,0.80,4.55,-0.47,5.36,-1.11,-8.91,21.11,21.48
14661,22.04,1013.20,-0.16,-0.15,-0.10,0.10,0.76,1.63,1.39,1.93,-1.12,-8.85,21.17,21.00
14695,22.04,1013.20,-0.16,-0.15,-0.08,0.12,0.80,-1.06,0.30,-5.64,-1.21,-8.87,20.98,21.00
14726,22.04,1013.20,-0.16,-0.16,-0.09,0.10,0.77,-6.39,-1.70,-14.53,-1.47,-8.93,20.52,21.97
14757,22.04,1013.20,-0.17,-0.16,-0.10,0.07,0.79,-3.16,-1.95,-19.06,-1.67,-8.99,19.93,20.51
14789,22.04,1013.20,-0.17,-0.16,-0.10,0.08,0.72,4.71,0.33,-2.21,-1.60,-8.96,19.86,21.48
14821,22.04,1013.20,-0.17,-0.16,-0.10,0.03,0.77,-2.69,3.94,3.64,-1.84,-8.83,19.98,20.51
14854,22.04,1013.19,-0.12,-0.15,0.04,0.07,0.94,0.53,-10.30,-5.22,-1.95,-9.35,19.81,20.51
14885,22.04,1013.19,-0.12,-0.15,0.09,0.01,0.66,9.25,5.39,-12.56,-1.86,-9.48,19.42,20.51
14917,22.04,1013.19,-0.12,-0.14,-0.13,0.07,0.80,8.12,1.88,6.51,-1.71,-9.37,19.63,21.00
14949,22.04,1013.21,-0.24,-0.16,-0.01,0.16,0.78,2.93,9.46,24.75,-1.60,-9.18,20.42,21.48
14980,22.04,1013.21,-0.24,-0.18,-0.05,0.11,0.94,-3.24,4.48,8.58,-1.78,-9.11,20.69,21.48
15012,22.04,1013.21,-0.24,-0.19,-0.06,0.19,0.82,4.90,1.71,6.78,-1.57,-9.11,20.90,21.00
15046,22.03,1013.20,-0.19,-0.19,-0.31,0.21,0.63,7.17,9.81,21.87,-1.20,-8.42,21.65,21.00
15078,22.03,1013.20,-0.19,-0.19,-0.09,0.14,0.78,2.30,0.34,-11.42,-1.14,-8.43,21.28,20.51
15110,22.03,1013.20,-0.19,-0.19,-0.07,0.12,0.80,-2.49,-3.72,-20.26,-1.26,-8.60,20.63,21.48
15141,22.03,1013.19,-0.12,-0.18,-0.07,0.10,0.81,-0.97,-2.54,-12.85,-1.37,-8.72,20.23,20.51
15173,22.03,1013.19,-0.12,-0.17,-0.07,0.09,0.81,5.22,1.46,5.55,-1.28,-8.72,20.41,21.48
15205,22.03,1013.19,-0.12,-0.16,-0.07,0.10,0.80,12.29,6.49,28.75,-0.97,-8.57,21.33,21.48
15238,22.03,1013.18,-0.02,-0.13,-0.05,0.14,0.80,4.29,1.27,2.80,-0.86,-8.60,21.42,21.48
15269,22.03,1013.18,-0.02,-0.11,-0.10,0.11,0.78,-0.32,2.17,-14.03,-0.94,-8.53,20.99,21.48
15301,22.03,1013.18,-0.02,-0.09,-0.08,0.13,0.80,4.15,1.30,3.55,-0.85,-8.52,21.10,21.48
15333,22.03,1013.18,-0.03,-0.08,-0.08,0.12,0.81,2.38,-0.67,-3.20,-0.83,-8.58,21.00,20.51
15364,22.03,1013.18,-0.03,-0.07,-0.07,0.12,0.80,3.06,-0.16,-1.19,-0.79,-8.63,20.96,21.48
15396,22.03,1013.18,-0.03,-0.06,-0.08,0.11,0.80,2.97,0.40,-0.41,-0.76,-8.65,20.95,21.97
15426,22.03,1013.17,0.08,-0.03,-0.08,0.12,0.81,2.41,0.30,-2.44,-0.75,-8.68,20.88,21.48
15457,22.03,1013.17,0.08,-0.01,-0.07,0.12,0.81,2.99,0.45,-0.87,-0.71,-8.71,20.85,21.00
15488,22.03,1013.17,0.08,0.01,-0.08,0.12,0.80,3.03,0.05,-0.99,-0.68,-8.74,20.82,20.02
15520,22.03,1013.21,-0.24,-0.04,-0.07,0.11,0.80,2.93,-0.42,-1.60,-0.65,-8.80,20.77,21.48
15552,22.03,1013.21,-0.24,-0.08,-0.08,0.12,0.80,3.00,0.04,-1.06,-0.62,-8.83,20.73,21.48
15585,22.03,1013.21,-0.24,-0.11,-0.08,0.12,0.81,3.13,0.23,-1.17,-0.57,-8.85,20.70,21.48
15616,22.03,1013.21,-0.27,-0.14,-0.08,0.13,0.82,2.94,-0.16,-1.28,-0.53,-8.88,20.66,21.48
15648,22.03,1013.21,-0.27,-0.17,-0.08,0.12,0.80,3.06,-0.22,-1.22,-0.49,-8.92,20.62,21.00
15680,22.03,1013.21,-0.27,-0.19,-0.07,0.11,0.81,3.06,-0.15,-1.16,-0.47,-8.96,20.58,21.00
15711,22.03,1013.17,0.08,-0.13,-0.08,0.12,0.80,2.90,0.11,-1.32,-0.44,-8.98,20.54,21.00
15742,22.03,1013.17,0.08,-0.09,-0.07,0.12,0.81,2.67,0.39,-1.26,-0.41,-9.02,20.50,20.02
15776,22.03,1013.17,0.08,-0.06,-0.08,0.11,0.81,3.00,-0.12,-1.13,-0.39,-9.05,20.46,21.00
15808,22.03,1013.19,-0.11,-0.07,-0.08,0.12,0.81,2.79,-0.13,-1.26,-0.36,-9.08,20.42,20.51
15839,22.03,1013.19,-0.11,-0.08,-0.07,0.12,0.80,2.85,0.45,-1.40,-0.33,-9.10,20.38,21.48
15870,22.03,1013.19,-0.11,-0.08,-0.07,0.12,0.81,2.76,0.68,-1.52,-0.31,-9.11,20.33,20.51
15902,22.03,1013.19,-0.33,-0.13,-0.08,0.11,0.81,2.84,0.65,-1.43,-0.30,-9.12,20.28,20.51
15934,22.03,1013.21,-0.27,-0.16,-0.07,0.12,0.81,2.80,0.62,-1.37,-0.28,-9.14,20.24,21.00
15967,22.03,1013.21,-0.27,-0.18,-0.08,0.12,0.80,2.74,0.45,-1.29,-0.26,-9.14,20.20,20.51
15998,22.03,1013.21,-0.27,-0.20,-0.08,0.12,0.80,2.77,0.78,-1.31,-0.23,-9.14,20.16,20.02
16030,22.03,1013.19,-0.08,-0.18,-0.07,0.12,0.80,2.82,0.63,-1.37,-0.21,-9.15,20.11,20.51
16062,22.03,1013.19,-0.08,-0.16,-0.08,0.12,0.81,2.88,0.55,-1.31,-0.19,-9.16,20.07,20.51
16093,22.03,1013.19,-0.08,-0.14,-0.08,0.12,0.81,2.99,-0.06,-1.22,-0.17,-9.19,20.03,21.00
16124,22.03,1013.20,-0.15,-0.14,-0.08,0.12,0.80,3.05,-0.10,-1.13,-0.14,-9.22,20.00,21.48
16158,22.03,1013.20,-0.15,-0.15,-0.08,0.12,0.80,2.97,0.66,-1.51,-0.11,-9.22,19.95,21.00
16190,22.03,1013.20,-0.15,-0.15,-0.08,0.12,0.80,2.73,0.36,-1.29,-0.10,-9.23,19.91,21.97
16221,22.02,1013.20,-0.23,-0.16,-0.08,0.12,0.81,2.77,-0.04,-1.23,-0.08,-9.25,19.87,21.00
16252,22.02,1013.20,-0.23,-0.18,-0.07,0.12,0.81,2.94,0.16,-1.25,-0.06,-9.28,19.83,20.51
16284,22.02,1013.20,-0.23,-0.19,-0.08,0.12,0.80,2.74,0.10,-1.17,-0.05,-9.30,19.79,21.48
16318,22.02,1013.22,-0.36,-0.22,-0.07,0.11,0.79,3.08,-0.06,-1.35,-0.03,-9.34,19.75,21.00
16349,22.02,1013.22,-0.36,-0.25,-0.08,0.12,0.81,2.90,0.19,-1.32,-0.00,-9.35,19.71,20.02
16380,22.02,1013.22,-0.36,-0.27,-0.08,0.12,0.80,2.90,0.08,-1.23,0.01,-9.37,19.67,21.48
16412,22.02,1013.21,-0.25,-0.27,-0.08,0.12,0.81,2.68,0.05,-1.22,0.03,-9.39,19.63,20.51
16444,22.02,1013.21,-0.25,-0.26,-0.08,0.11,0.80,2.82,0.10,-1.31,0.04,-9.41,19.59,21.48
16475,22.02,1013.21,-0.25,-0.26,-0.07,0.12,0.81,2.76,0.89,-1.40,0.05,-9.41,19.54,21.48
16508,22.02,1013.18,-0.04,-0.21,-0.08,0.12,0.80,2.82,-0.07,-1.23,0.07,-9.43,19.50,21.48
16540,22.02,1013.18,-0.04,-0.18,-0.07,0.11,0.80,2.87,0.13,-1.39,0.08,-9.46,19.46,21.48
16572,22.02,1013.18,-0.04,-0.15,-0.07,0.12,0.79,2.84,0.45,-1.37,0.10,-9.47,19.41,20.51
16603,22.02,1013.17,0.10,-0.10,-0.08,0.12,0.80,2.80,0.69,-1.35,0.11,-9.46,19.37,21.97
16634,22.02,1013.17,0.10,-0.06,-0.08,0.12,0.81,2.88,0.68,-1.39,0.13,-9.46,19.33,20.51
16666,22.02,1013.17,0.10,-0.03,-0.07,0.12,0.81,2.74,0.48,-1.13,0.14,-9.47,19.29,21.48
16700,22.02,1013.15,0.26,0.03,-0.08,0.12,0.81,2.79,0.28,-1.52,0.15,-9.49,19.24,21.48
16731,22.02,1013.15,0.26,0.08,-0.08,0.12,0.81,2.91,0.69,-1.42,0.17,-9.49,19.20,21.97
16762,22.02,1013.15,0.26,0.11,-0.08,0.12,0.81,2.87,0.49,-1.19,0.18,-9.49,19.16,20.51
16794,22.02,1013.19,-0.13,0.06,-0.07,0.12,0.80,2.96,0.33,-1.35,0.19,-9.51,19.12,21.00
16825,22.02,1013.19,-0.13,0.03,-0.07,0.12,0.81,3.00,-0.13,-1.43,0.21,-9.54,19.07,21.00
16856,22.02,1013.19,-0.13,-0.00,-0.08,0.12,0.80,2.79,0.02,-1.26,0.22,-9.55,19.03,21.00
16890,22.02,1013.19,-0.07,-0.02,-0.08,0.12,0.81,2.90,0.28,-1.29,0.24,-9.56,18.99,21.97
16922,22.02,1013.19,-0.07,-0.03,-0.07,0.12,0.80,2.84,0.46,-1.20,0.25,-9.57,18.95,21.97
16953,22.02,1013.19,-0.07,-0.03,-0.08,0.12,0.81,2.94,-0.29,-1.16,0.26,-9.59,18.92,21.97
16984,22.02,1013.19,-0.14,-0.05,-0.08,0.12,0.80,2.94,-0.10,-1.10,0.28,-9.62,18.88,20.51
17016,22.02,1013.19,-0.14,-0.07,-0.07,0.12,0.81,2.77,-0.06,-1.29,0.28,-9.64,18.84,21.48
17048,22.02,1013.19,-0.14,-0.08,-0.08,0.12,0.82,2.90,0.04,-1.42,0.30,-9.66,18.79,21.00
17081,22.02,1013.20,-0.21,-0.11,-0.07,0.12,0.80,2.96,-0.13,-1.17,0.31,-9.69,18.76,20.02
17112,22.02,1013.20,-0.21,-0.13,-0.07,0.12,0.81,3.03,-0.09,-1.34,0.33,-9.71,18.71,21.00
17144,22.02,1013.20,-0.21,-0.14,-0.08,0.12,0.81,2.91,0.01,-1.35,0.34,-9.72,18.67,21.00
17176,22.02,1013.20,-0.21,-0.16,-0.08,0.12,0.80,2.90,0.19,-1.20,0.35,-9.72,18.63,21.00
17207,22.02,1013.20,-0.21,-0.17,-0.07,0.12,0.80,2.71,0.77,-1.29,0.36,-9.72,18.59,21.97
17240,22.02,1013.20,-0.21,-0.18,-0.08,0.12,0.81,2.79,0.16,-1.32,0.38,-9.72,18.55,21.00
17272,22.02,1013.18,0.01,-0.14,-0.08,0.12,0.81,2.82,0.20,-1.23,0.38,-9.72,18.51,21.00
17304,22.02,1013.18,0.01,-0.11,-0.08,0.12,0.80,2.90,0.33,-1.37,0.39,-9.73,18.47,21.00
17335,22.02,1013.18,0.01,-0.08,-0.07,0.12,0.81,2.59,0.88,-1.25,0.39,-9.72,18.43,21.00
17366,22.02,1013.20,-0.22,-0.11,-0.07,0.12,0.80,3.00,0.28,-1.32,0.40,-9.74,18.39,21.48
17398,22.02,1013.20,-0.22,-0.13,-0.08,0.12,0.81,3.06,-0.04,-1.17,0.42,-9.75,18.35,21.48
17432,22.02,1013.20,-0.22,-0.15,-0.08,0.12,0.80,2.96,0.59,-1.39,0.44,-9.74,18.30,21.00
17463,22.02,1013.19,-0.11,-0.14,-0.07,0.12,0.81,3.00,0.02,-1.17,0.45,-9.76,18.26,21.48
17494,22.02,1013.19,-0.11,-0.14,-0.08,0.12,0.81,3.03,-0.15,-1.35,0.46,-9.77,18.22,20.51
17526,22.02,1013.19,-0.11,-0.13,-0.08,0.12,0.81,2.90,-0.12,-1.22,0.47,-9.79,18.18,21.48
17558,22.02,1013.17,0.04,-0.10,-0.08,0.12,0.80,2.91,-0.19,-1.19,0.48,-9.81,18.15,21.00
17589,22.02,1013.17,0.04,-0.07,-0.08,0.12,0.81,2.90,0.31,-1.28,0.49,-9.80,18.11,21.00
17622,22.02,1013.17,0.04,-0.05,-0.08,0.12,0.80,2.94,-0.21,-1.32,0.51,-9.82,18.06,21.48
17654,22.02,1013.18,-0.05,-0.05,-0.08,0.12,0.81,2.94,0.01,-1.46,0.52,-9.83,18.02,20.51
17686,22.02,1013.18,-0.05,-0.05,-0.08,0.12,0.80,2.84,0.08,-1.19,0.53,-9.84,17.98,21.48
17717,22.02,1013.18,-0.05,-0.05,-0.08,0.12,0.80,2.56,0.48,-1.28,0.53,-9.84,17.94,21.48
17748,22.02,1013.21,-0.31,-0.10,-0.07,0.12,0.80,2.74,0.42,-1.45,0.53,-9.84,17.89,21.00
17780,22.02,1013.21,-0.31,-0.14,-0.08,0.12,0.80,2.77,0.59,-1.42,0.54,-9.83,17.85,21.48
17814,22.02,1013.21,-0.31,-0.18,-0.07,0.12,0.81,2.85,-0.07,-1.35,0.55,-9.86,17.80,21.00
17845,22.02,1013.18,-0.04,-0.15,-0.08,0.12,0.80,2.68,0.08,-1.35,0.56,-9.87,17.76,21.00
17876,22.02,1013.18,-0.04,-0.13,-0.08,0.12,0.81,2.76,0.26,-1.29,0.55,-9.87,17.72,21.00
17908,22.02,1013.18,-0.04,-0.11,-0.08,0.12,0.80,2.71,0.43,-1.31,0.55,-9.86,17.68,21.97
17940,22.02,1013.19,-0.08,-0.11,-0.08,0.12,0.80,2.84,0.07,-1.35,0.55,-9.86,17.63,20.51
17971,22.02,1013.19,-0.08,-0.10,-0.07,0.12,0.81,2.88,0.42,-1.26,0.56,-9.87,17.60,21.00
18004,22.02,1013.19,-0.08,-0.10,-0.08,0.12,0.81,2.73,-0.03,-1.22,0.56,-9.87,17.56,20.51
18036,22.02,1013.18,-0.02,-0.08,-0.08,0.12,0.80,2.85,0.01,-1.39,0.56,-9.88,17.51,21.48
18068,22.02,1013.18,-0.02,-0.07,-0.07,0.12,0.80,2.82,0.34,-1.31,0.57,-9.89,17.47,20.51
18099,22.02,1013.18,-0.02,-0.06,-0.08,0.12,0.81,2.82,0.63,-1.32,0.56,-9.88,17.43,21.48
18130,22.02,1013.20,-0.18,-0.08,-0.07,0.11,0.80,2.76,0.54,-1.35,0.56,-9.88,17.39,20.02
18164,22.02,1013.20,-0.18,-0.10,-0.08,0.12,0.80,2.80,0.08,-1.35,0.57,-9.88,17.34,20.02
18196,22.02,1013.20,-0.18,-0.12,-0.07,0.12,0.81,2.91,0.17,-1.26,0.58,-9.89,17.30,21.00
18227,22.02,1013.22,-0.26,-0.14,-0.07,0.12,0.80,2.82,0.54,-1.39,0.58,-9.89,17.26,21.00
18258,22.01,1013.21,-0.26,-0.17,-0.08,0.13,0.80,2.91,0.88,-1.26,0.60,-9.88,17.22,21.00
18290,22.01,1013.21,-0.26,-0.18,-0.08,0.12,0.81,2.80,0.54,-1.26,0.60,-9.87,17.18,20.51
18322,22.01,1013.21,-0.26,-0.20,-0.08,0.12,0.80,2.80,0.49,-1.14,0.60,-9.87,17.14,21.48
18355,22.01,1013.17,0.05,-0.15,-0.08,0.11,0.80,2.85,0.86,-1.31,0.61,-9.85,17.10,21.00
18386,22.01,1013.17,0.05,-0.11,-0.08,0.12,0.80,2.88,0.80,-1.58,0.61,-9.84,17.05,21.00
18418,22.01,1013.17,0.05,-0.08,-0.08,0.12,0.80,2.80,0.39,-1.31,0.61,-9.84,17.01,21.00
18450,22.01,1013.19,-0.06,-0.07,-0.08,0.12,0.81,2.93,0.45,-1.29,0.62,-9.83,16.97,21.48
18481,22.01,1013.19,-0.06,-0.07,-0.08,0.12,0.80,2.99,-0.12,-1.13,0.62,-9.85,16.93,21.48
18512,22.01,1013.19,-0.06,-0.07,-0.07,0.12,0.80,3.06,-0.06,-1.25,0.63,-9.87,16.89,21.48
18546,22.01,1013.18,-0.05,-0.07,-0.07,0.12,0.81,2.77,0.75,-1.46,0.64,-9.86,16.84,21.48
18578,22.01,1013.18,-0.05,-0.06,-0.07,0.12,0.80,2.99,0.31,-1.35,0.65,-9.86,16.80,21.48
18609,22.01,1013.18,-0.05,-0.06,-0.07,0.12,0.80,3.05,-0.10,-1.22,0.66,-9.89,16.76,21.48
18640,22.00,1013.22,-0.36,-0.12,-0.07,0.12,0.80,2.96,-0.12,-1.17,0.66,-9.90,16.72,20.51
18672,22.00,1013.22,-0.36,-0.17,-0.08,0.12,0.80,2.70,0.17,-1.20,0.66,-9.90,16.69,20.51
18704,22.00,1013.22,-0.36,-0.21,-0.08,0.12,0.81,2.67,0.36,-1.39,0.66,-9.91,16.64,21.48
18737,22.00,1013.20,-0.21,-0.21,-0.08,0.11,0.81,2.74,0.10,-1.31,0.65,-9.91,16.60,21.00
18768,22.00,1013.20,-0.21,-0.21,-0.07,0.12,0.80,2.73,0.07,-1.29,0.65,-9.92,16.56,21.97
18800,22.00,1013.20,-0.21,-0.21,-0.08,0.12,0.81,2.80,0.17,-1.40,0.66,-9.93,16.51,20.51
18832,22.00,1013.21,-0.23,-0.21,-0.07,0.12,0.81,2.84,0.33,-1.29,0.67,-9.94,16.47,20.02
18863,22.00,1013.21,-0.23,-0.22,-0.08,0.12,0.80,2.85,0.23,-1.46,0.68,-9.93,16.43,21.00
18895,22.00,1013.21,-0.23,-0.22,-0.08,0.12,0.81,2.87,0.33,-1.34,0.68,-9.93,16.38,20.51
18929,21.99,1013.17,0.03,-0.17,-0.08,0.13,0.81,2.91,-0.24,-1.10,0.70,-9.95,16.35,21.48
18961,21.99,1013.17,0.03,-0.13,-0.08,0.12,0.79,2.88,-0.09,-1.35,0.71,-9.96,16.30,21.00
18993,21.99,1013.17,0.03,-0.10,-0.08,0.12,0.80,2.88,-0.16,-1.32,0.71,-9.98,16.26,21.48
19024,22.00,1013.19,-0.09,-0.09,-0.08,0.12,0.81,2.88,-0.03,-1.26,0.72,-9.99,16.22,21.48
19056,22.00,1013.19,-0.09,-0.09,-0.07,0.12,0.80,2.77,-0.06,-1.19,0.72,-10.00,16.18,21.00
19090,22.00,1013.19,-0.09,-0.09,-0.07,0.12,0.81,3.10,-0.21,-1.19,0.74,-10.02,16.14,20.51
19121,21.99,1013.20,-0.17,-0.11,-0.08,0.12,0.80,2.80,-0.12,-1.29,0.73,-10.04,16.10,20.51
19152,21.99,1013.20,-0.17,-0.12,-0.07,0.12,0.81,2.88,-0.18,-1.17,0.74,-10.06,16.07,21.97
19184,21.99,1013.20,-0.17,-0.13,-0.07,0.11,0.81,2.79,0.16,-1.29,0.73,-10.07,16.03,21.48
19216,21.99,1013.20,-0.15,-0.13,-0.08,0.12,0.81,2.87,0.33,-1.32,0.73,-10.07,15.98,21.48
19247,21.99,1013.20,-0.15,-0.14,-0.08,0.11,0.81,2.76,0.05,-1.29,0.72,-10.07,15.94,20.02
19281,21.99,1013.20,-0.15,-0.14,-0.08,0.13,0.80,3.03,0.04,-1.25,0.74,-10.07,15.90,21.00
19313,21.99,1013.22,-0.34,-0.18,-0.08,0.11,0.81,2.93,-0.07,-1.14,0.74,-10.08,15.86,21.00
19345,21.99,1013.22,-0.34,-0.21,-0.08,0.12,0.80,2.79,-0.13,-1.13,0.74,-10.09,15.83,20.51
19377,21.99,1013.22,-0.34,-0.24,-0.07,0.12,0.80,2.87,0.04,-1.19,0.74,-10.10,15.79,20.51
19408,21.99,1013.22,-0.33,-0.25,-0.07,0.12,0.80,2.73,0.31,-1.11,0.74,-10.10,15.76,20.02
19440,21.99,1013.22,-0.33,-0.27,-0.08,0.11,0.80,2.82,0.22,-1.35,0.74,-10.10,15.71,21.00
19474,21.99,1013.22,-0.33,-0.28,-0.08,0.12,0.80,3.11,0.04,-1.13,0.76,-10.10,15.67,21.48
19505,21.99,1013.18,-0.02,-0.23,-0.08,0.12,0.80,2.79,-0.06,-1.37,0.76,-10.11,15.63,21.00
19536,21.99,1013.18,-0.02,-0.19,-0.08,0.12,0.81,2.76,0.19,-1.22,0.77,-10.11,15.59,20.51
19568,21.99,1013.18,-0.02,-0.15,-0.07,0.12,0.80,2.71,0.25,-1.40,0.77,-10.11,15.55,21.00
19600,21.99,1013.19,-0.06,-0.14,-0.08,0.12,0.81,2.87,0.39,-1.35,0.77,-10.10,15.51,21.48
19631,21.99,1013.19,-0.06,-0.12,-0.08,0.12,0.81,2.71,0.52,-1.51,0.77,-10.09,15.46,21.48
19665,21.99,1013.19,-0.06,-0.11,-0.08,0.12,0.80,2.90,-0.01,-1.34,0.78,-10.09,15.41,21.48
19697,21.99,1013.21,-0.26,-0.14,-0.07,0.11,0.81,2.84,-0.10,-1.23,0.77,-10.10,15.37,20.02
19729,21.99,1013.21,-0.26,-0.16,-0.08,0.12,0.80,2.71,-0.13,-1.35,0.77,-10.11,15.33,21.00
19761,21.99,1013.21,-0.26,-0.18,-0.08,0.13,0.81,2.79,0.16,-1.11,0.78,-10.11,15.29,21.00
19792,21.98,1013.19,-0.12,-0.17,-0.08,0.11,0.80,2.73,0.26,-1.14,0.76,-10.10,15.26,21.48
19826,21.98,1013.19,-0.12,-0.16,-0.08,0.12,0.81,3.11,-0.13,-1.23,0.78,-10.12,15.22,21.00
19858,21.98,1013.19,-0.12,-0.15,-0.08,0.12,0.79,3.00,-0.19,-1.17,0.79,-10.13,15.18,21.00
19889,21.99,1013.19,-0.07,-0.14,-0.08,0.12,0.81,2.96,-0.01,-1.26,0.80,-10.13,15.14,21.97
19920,21.99,1013.19,-0.07,-0.12,-0.07,0.12,0.80,2.76,0.14,-1.14,0.79,-10.14,15.11,21.48
19952,21.99,1013.19,-0.07,-0.11,-0.08,0.12,0.81,2.93,0.13,-1.16,0.80,-10.14,15.07,21.00
19984,21.99,1013.17,0.07,-0.07,-0.08,0.12,0.80,2.82,0.28,-1.34,0.81,-10.14,15.03,21.00
20017,21.99,1013.17,0.07,-0.05,-0.08,0.12,0.81,2.87,0.22,-1.31,0.81,-10.13,14.98,21.97
20048,21.99,1013.17,0.07,-0.02,-0.07,0.12,0.81,2.77,0.17,-1.25,0.81,-10.14,14.94,21.00
20080,21.98,1013.16,0.14,0.01,-0.08,0.12,0.81,2.67,0.25,-1.28,0.81,-10.14,14.90,21.00
20112,21.98,1013.16,0.14,0.04,-0.08,0.12,0.81,2.88,0.43,-1.26,0.81,-10.13,14.86,20.51
20143,21.98,1013.16,0.14,0.06,-0.08,0.12,0.80,2.76,0.66,-1.16,0.81,-10.11,14.83,21.48
20175,21.99,1013.15,0.25,0.10,-0.07,0.12,0.80,2.84,0.49,-1.32,0.81,-10.11,14.78,21.48
20209,21.99,1013.15,0.25,0.13,-0.08,0.11,0.81,2.67,0.07,-1.37,0.80,-10.11,14.74,21.97
20241,21.99,1013.15,0.25,0.15,-0.08,0.12,0.80,2.62,0.36,-1.28,0.80,-10.11,14.70,21.48
20273,22.01,1013.16,0.15,0.15,-0.07,0.12,0.81,2.73,0.25,-1.32,0.79,-10.11,14.65,21.00
20304,22.01,1013.16,0.15,0.15,-0.07,0.12,0.80,2.97,0.57,-1.23,0.79,-10.11,14.62,21.00
20336,22.01,1013.16,0.15,0.15,-0.08,0.12,0.81,2.77,0.51,-1.51,0.79,-10.09,14.57,21.48
20368,22.16,1013.09,0.75,0.27,-0.08,0.12,0.80,2.94,0.77,-1.19,0.80,-10.07,14.53,21.48
20401,22.16,1013.09,0.75,0.37,-0.08,0.12,0.80,2.88,0.86,-1.20,0.81,-10.04,14.49,20.51
20432,22.16,1013.09,0.75,0.44,-0.08,0.12,0.80,2.80,0.62,-1.31,0.81,-10.03,14.45,21.97
20464,22.67,1012.84,2.77,0.91,-0.08,0.12,0.81,2.65,0.59,-1.51,0.81,-10.02,14.40,21.97
20496,22.67,1012.84,2.77,1.28,-0.07,0.12,0.80,2.73,0.60,-1.32,0.81,-10.01,14.36,21.48
20527,22.67,1012.84,2.77,1.58,-0.07,0.12,0.81,2.80,0.40,-1.26,0.81,-10.02,14.32,21.97
20559,23.62,1012.68,4.12,2.09,-0.07,0.12,0.81,2.84,0.23,-1.45,0.81,-10.02,14.27,21.97
20593,23.62,1012.68,4.12,2.49,-0.08,0.12,0.81,2.94,0.62,-1.40,0.82,-10.01,14.23,21.97
20625,23.62,1012.68,4.12,2.82,-0.08,0.12,0.81,2.88,0.68,-1.46,0.82,-10.00,14.18,22.46
20657,24.64,1012.73,3.72,3.00,-0.07,0.12,0.80,2.76,0.63,-1.51,0.82,-9.99,14.13,22.46
20688,24.64,1012.73,3.72,3.14,-0.07,0.12,0.81,2.88,0.54,-1.34,0.81,-9.99,14.09,22.46
20720,24.64,1012.73,3.72,3.26,-0.08,0.12,0.80,2.90,0.86,-1.40,0.81,-9.96,14.04,22.95
20752,25.49,1012.86,2.63,3.13,-0.07,0.12,0.80,2.77,0.78,-1.34,0.81,-9.96,14.00,23.44
20785,25.49,1012.86,2.63,3.03,-0.08,0.12,0.81,2.84,0.49,-1.31,0.81,-9.95,13.96,23.44
20816,25.49,1012.86,2.63,2.95,-0.08,0.12,0.81,2.71,0.60,-1.45,0.80,-9.94,13.91,22.95
20848,26.09,1012.96,1.78,2.72,-0.08,0.12,0.81,2.62,0.77,-1.39,0.80,-9.92,13.87,23.44
20880,26.09,1012.96,1.78,2.53,-0.08,0.12,0.81,3.11,0.48,-1.28,0.81,-9.91,13.83,24.41
20911,26.09,1012.96,1.78,2.38,-0.08,0.12,0.80,2.93,0.07,-1.40,0.81,-9.92,13.78,23.44
20943,26.51,1013.04,1.18,2.14,-0.08,0.12,0.80,3.03,-0.22,-1.34,0.82,-9.94,13.74,24.41
20977,26.51,1013.04,1.18,1.95,-0.08,0.12,0.80,2.68,0.75,-1.39,0.83,-9.93,13.70,24.41
21009,26.51,1013.04,1.18,1.79,-0.07,0.12,0.81,2.85,0.51,-1.43,0.82,-9.93,13.65,24.41
21041,26.85,1013.08,0.82,1.60,-0.08,0.12,0.80,2.79,0.55,-1.29,0.82,-9.92,13.61,24.90
21072,26.85,1013.08,0.82,1.44,-0.07,0.12,0.81,2.79,0.33,-1.29,0.82,-9.93,13.57,24.90
21104,26.85,1013.08,0.82,1.32,-0.08,0.12,0.80,3.05,0.36,-1.31,0.82,-9.92,13.53,24.90
21136,27.20,1013.09,0.74,1.20,-0.07,0.12,0.81,3.00,0.13,-1.23,0.83,-9.94,13.49,24.41
降落伞已打开!
21176,27.20,1013.09,0.74,1.11,-0.08,0.12,0.81,2.64,0.30,-1.32,0.84,-9.94,13.43,25.88
21207,27.20,1013.09,0.74,1.04,-0.08,0.12,0.81,2.51,0.46,-1.55,0.83,-9.93,13.39,26.37
21239,27.54,1013.07,0.92,1.01,-0.08,0.12,0.81,2.68,0.69,-1.29,0.82,-9.92,13.34,24.90
21271,27.54,1013.07,0.92,0.99,-0.07,0.12,0.81,2.84,0.83,-1.32,0.82,-9.91,13.30,24.90
21302,27.54,1013.07,0.92,0.98,-0.08,0.12,0.81,2.91,-0.25,-1.13,0.82,-9.93,13.27,25.39
21335,27.88,1013.07,0.87,0.96,-0.08,0.12,0.81,2.79,0.45,-1.39,0.82,-9.92,13.22,26.37
21367,27.88,1013.07,0.87,0.94,-0.07,0.12,0.81,2.99,0.28,-1.49,0.83,-9.93,13.17,26.86
21399,27.88,1013.07,0.87,0.92,-0.07,0.12,0.81,2.84,0.11,-1.29,0.82,-9.94,13.13,26.86
21430,28.15,1013.11,0.56,0.85,-0.08,0.12,0.81,3.05,-0.04,-1.16,0.83,-9.95,13.10,26.86
21461,28.15,1013.11,0.56,0.79,-0.08,0.11,0.81,2.94,-0.35,-1.46,0.83,-9.97,13.05,27.34
21493,28.15,1013.11,0.56,0.75,-0.07,0.11,0.80,2.88,0.04,-1.31,0.82,-9.98,13.01,27.83
21527,28.33,1013.21,-0.25,0.55,-0.08,0.12,0.80,3.14,-0.22,-1.14,0.84,-9.99,12.97,27.34
21558,28.33,1013.21,-0.25,0.39,-0.07,0.12,0.81,2.79,-0.12,-1.23,0.84,-10.01,12.93,27.83
21589,28.33,1013.21,-0.25,0.26,-0.07,0.12,0.80,2.73,0.20,-1.29,0.83,-10.02,12.89,28.32
21621,28.41,1013.20,-0.17,0.17,-0.07,0.12,0.81,2.88,0.42,-1.46,0.82,-10.02,12.85,26.86
21653,28.41,1013.20,-0.17,0.11,-0.08,0.12,0.81,2.91,0.33,-1.40,0.82,-10.02,12.80,27.83
21684,28.41,1013.20,-0.17,0.05,-0.07,0.12,0.80,2.91,0.57,-1.29,0.82,-10.02,12.76,27.34
21717,28.46,1013.17,0.07,0.06,-0.07,0.12,0.81,2.55,0.31,-1.48,0.82,-10.03,12.71,27.34
21749,28.46,1013.17,0.07,0.06,-0.07,0.12,0.79,2.82,0.40,-1.32,0.83,-10.03,12.67,27.83
21781,28.46,1013.17,0.07,0.06,-0.08,0.12,0.81,2.56,0.37,-1.39,0.81,-10.02,12.62,27.83
21812,28.46,1013.06,-0.00,0.05,-0.08,0.12,0.80,2.87,0.57,-1.29,0.81,-10.00,12.58,28.81
21843,28.53,1013.18,-0.00,0.04,-0.08,0.12,0.81,3.10,0.48,-1.52,0.82,-10.00,12.54,28.32
21875,28.53,1013.18,-0.00,0.03,-0.08,0.12,0.80,2.94,0.01,-1.23,0.83,-10.00,12.50,28.32
21909,28.53,1012.97,0.14,0.05,-0.08,0.12,0.81,2.80,0.72,-1.35,0.84,-9.98,12.45,28.81
21940,28.65,1013.16,0.14,0.07,-0.08,0.12,0.80,2.93,0.23,-1.25,0.84,-9.99,12.41,29.30
21971,28.65,1013.16,0.14,0.08,-0.08,0.12,0.82,2.85,-0.06,-1.28,0.84,-10.00,12.37,29.79
22003,28.65,1013.16,0.14,0.09,-0.08,0.12,0.80,2.87,-0.33,-1.25,0.84,-10.02,12.33,27.83
22035,28.80,1013.15,0.22,0.12,-0.08,0.12,0.80,2.82,-0.45,-1.08,0.84,-10.04,12.30,28.81
22066,28.80,1013.15,0.22,0.14,-0.07,0.12,0.81,2.76,0.08,-1.20,0.84,-10.06,12.26,29.79
22099,28.80,1013.15,0.22,0.15,-0.07,0.12,0.82,2.97,0.01,-1.19,0.84,-10.08,12.22,28.81
检测到着陆!
22138,29.00,1013.19,-0.14,0.10,-0.08,0.12,0.81,3.05,0.51,-1.40,0.87,-10.07,12.17,28.81
22170,29.00,1013.19,-0.14,0.05,-0.08,0.12,0.80,2.99,0.04,-1.10,0.87,-10.07,12.13,29.30
22201,29.00,1013.07,0.93,0.23,-0.08,0.12,0.82,2.90,0.05,-1.26,0.87,-10.07,12.09,30.27
22232,29.30,1013.07,0.93,0.37,-0.07,0.11,0.81,2.82,-0.03,-1.28,0.86,-10.08,12.05,30.27
22266,29.30,1013.07,0.93,0.48,-0.08,0.12,0.81,3.17,0.11,-1.22,0.87,-10.08,12.01,31.25
22298,29.30,1013.05,1.06,0.60,-0.07,0.12,0.81,3.08,-0.04,-1.14,0.88,-10.10,11.98,30.76
22329,29.75,1013.05,1.06,0.69,-0.07,0.12,0.81,2.82,0.13,-1.14,0.87,-10.11,11.94,30.27
22360,29.75,1013.05,1.06,0.76,-0.08,0.12,0.81,2.87,0.08,-1.17,0.87,-10.10,11.90,32.23
22392,29.75,1013.05,1.06,0.82,-0.08,0.12,0.81,2.82,0.01,-1.37,0.87,-10.11,11.86,29.79
22424,30.32,1013.08,0.85,0.83,-0.07,0.12,0.81,2.93,0.40,-1.23,0.88,-10.11,11.82,29.30
22457,30.32,1013.08,0.85,0.83,-0.08,0.11,0.80,2.87,0.13,-1.26,0.87,-10.11,11.78,30.27
22488,30.32,1013.08,0.85,0.84,-0.08,0.11,0.80,2.87,0.31,-1.20,0.87,-10.10,11.74,30.76
22520,30.99,1012.96,1.80,1.03,-0.08,0.12,0.81,2.90,0.25,-1.29,0.86,-10.09,11.70,32.23
22552,30.99,1012.96,1.80,1.18,-0.07,0.12,0.81,2.77,0.69,-1.35,0.86,-10.08,11.66,32.71
22583,30.99,1012.96,1.80,1.31,-0.08,0.11,0.80,2.76,0.45,-1.20,0.85,-10.08,11.62,32.23
22614,31.63,1013.04,1.17,1.28,-0.08,0.11,0.80,2.87,0.34,-1.34,0.84,-10.07,11.58,32.23
22648,31.63,1013.04,1.17,1.26,-0.08,0.12,0.81,2.93,0.49,-1.42,0.85,-10.06,11.53,31.25
22680,31.63,1013.04,1.17,1.24,-0.08,0.11,0.80,2.74,0.80,-1.31,0.84,-10.04,11.49,31.25
22711,32.13,1013.05,1.04,1.20,-0.07,0.12,0.82,2.87,0.48,-1.37,0.83,-10.04,11.45,31.74
22742,32.13,1013.05,1.04,1.17,-0.07,0.12,0.82,2.85,-0.01,-1.20,0.83,-10.05,11.41,32.23
22774,32.13,1013.05,1.04,1.14,-0.08,0.12,0.80,3.08,0.36,-1.05,0.84,-10.05,11.38,31.25
22806,32.49,1013.16,0.11,0.94,-0.08,0.12,0.81,2.94,0.26,-1.10,0.84,-10.05,11.34,31.25
22839,32.49,1013.16,0.11,0.77,-0.07,0.12,0.81,2.96,-0.01,-1.34,0.84,-10.06,11.30,33.20
22870,32.49,1013.16,0.11,0.64,-0.07,0.11,0.81,3.05,-0.07,-1.02,0.83,-10.07,11.26,33.20
22902,32.75,1013.16,0.18,0.55,-0.08,0.12,0.82,2.94,-0.36,-1.02,0.84,-10.09,11.23,32.23
22934,32.75,1013.16,0.18,0.48,-0.07,0.12,0.81,2.79,-0.04,-1.37,0.83,-10.10,11.19,32.71
22965,32.75,1013.16,0.18,0.42,-0.07,0.13,0.80,2.55,0.08,-1.35,0.83,-10.11,11.15,32.23
22996,32.93,1013.21,-0.25,0.28,-0.08,0.12,0.80,2.87,0.55,-1.13,0.83,-10.10,11.11,32.71
23030,32.93,1013.21,-0.25,0.18,-0.08,0.12,0.81,2.84,0.10,-1.25,0.83,-10.09,11.07,32.71
23062,32.93,1013.21,-0.25,0.09,-0.08,0.12,0.81,2.70,0.13,-1.14,0.82,-10.09,11.03,31.74
23093,33.02,1013.26,-0.69,-0.07,-0.07,0.12,0.81,2.73,0.74,-1.52,0.81,-10.08,10.99,31.25
23124,33.02,1013.26,-0.69,-0.19,-0.08,0.12,0.81,2.82,0.68,-1.28,0.81,-10.07,10.95,33.20
23156,33.02,1013.26,-0.69,-0.29,-0.07,0.12,0.80,3.14,0.20,-0.96,0.82,-10.07,10.92,33.69
23188,33.05,1013.24,-0.48,-0.33,-0.08,0.12,0.81,2.77,-0.16,-1.13,0.81,-10.08,10.88,33.20
23221,33.05,1013.24,-0.48,-0.36,-0.08,0.12,0.81,2.96,0.19,-1.28,0.83,-10.09,10.84,33.20
23252,33.05,1013.24,-0.48,-0.38,-0.08,0.11,0.81,2.94,-0.15,-1.43,0.82,-10.10,10.79,31.74
23284,33.06,1013.24,-0.50,-0.41,-0.08,0.12,0.80,2.94,-0.15,-1.03,0.82,-10.11,10.76,32.71
23316,33.06,1013.24,-0.50,-0.43,-0.08,0.12,0.81,2.80,0.08,-1.31,0.82,-10.11,10.72,34.67
23347,33.06,1013.24,-0.50,-0.44,-0.08,0.12,0.80,2.85,0.51,-1.51,0.81,-10.09,10.67,33.69
23380,33.10,1013.26,-0.65,-0.48,-0.07,0.12,0.81,2.74,-0.03,-1.31,0.81,-10.10,10.63,33.20
23412,33.10,1013.26,-0.65,-0.52,-0.07,0.12,0.81,2.73,0.10,-1.43,0.81,-10.12,10.58,33.20
23444,33.10,1013.26,-0.65,-0.54,-0.07,0.12,0.80,2.67,0.30,-1.57,0.81,-10.12,10.53,33.20
23475,33.12,1013.24,-0.55,-0.55,-0.08,0.12,0.80,2.68,0.68,-1.39,0.80,-10.10,10.49,34.18
23506,33.12,1013.24,-0.55,-0.55,-0.08,0.12,0.81,2.96,0.72,-1.26,0.80,-10.09,10.45,33.20
23538,33.12,1013.24,-0.55,-0.55,-0.07,0.12,0.81,2.85,0.40,-1.11,0.80,-10.09,10.41,34.18
23577,33.14,1013.21,-0.29,-0.50,-0.08,0.12,0.81,2.80,0.55,-1.26,0.82,-10.08,10.36,36.13
23608,33.14,1013.21,-0.29,-0.46,-0.08,0.11,0.81,2.88,0.17,-1.17,0.81,-10.07,10.33,35.64
23639,33.14,1013.21,-0.29,-0.42,-0.08,0.12,0.80,3.05,-0.16,-1.31,0.81,-10.08,10.29,33.20
23671,33.23,1013.24,-0.54,-0.45,-0.07,0.12,0.81,2.87,-0.15,-1.42,0.81,-10.11,10.24,34.67
23703,33.23,1013.24,-0.54,-0.47,-0.08,0.11,0.80,2.79,-0.06,-1.29,0.80,-10.11,10.20,34.67
23734,33.23,1013.24,-0.54,-0.48,-0.07,0.12,0.80,2.91,0.71,-1.28,0.81,-10.10,10.16,34.67
23767,33.39,1013.14,0.29,-0.33,-0.08,0.12,0.81,2.73,-0.06,-1.35,0.81,-10.11,10.12,36.13
23799,33.39,1013.14,0.29,-0.20,-0.07,0.12,0.81,2.87,0.22,-1.23,0.81,-10.11,10.08,36.13
23831,33.39,1013.14,0.29,-0.10,-0.08,0.12,0.80,2.85,0.31,-1.31,0.81,-10.10,10.04,35.64
23862,33.63,1013.15,0.21,-0.04,-0.08,0.12,0.81,2.84,0.71,-1.57,0.80,-10.08,9.99,35.64
23893,33.63,1013.15,0.21,0.01,-0.08,0.12,0.80,2.97,0.34,-1.29,0.81,-10.08,9.95,34.67
23925,33.63,1013.15,0.21,0.05,-0.08,0.12,0.80,3.20,-0.01,-1.05,0.82,-10.09,9.91,35.16
23958,33.88,1013.17,0.06,0.05,-0.07,0.11,0.81,2.97,0.22,-1.17,0.82,-10.10,9.87,35.64
23989,33.88,1013.17,0.06,0.05,-0.08,0.12,0.80,2.91,-0.12,-1.17,0.83,-10.10,9.84,34.67
24020,33.88,1013.17,0.06,0.05,-0.07,0.12,0.81,2.64,-0.12,-1.22,0.82,-10.12,9.80,35.16
24052,34.11,1013.19,-0.12,0.02,-0.08,0.12,0.81,2.85,0.11,-1.37,0.82,-10.12,9.76,35.16
24084,34.11,1013.19,-0.12,-0.01,-0.08,0.12,0.81,2.74,0.33,-1.39,0.81,-10.12,9.71,38.09
24115,34.11,1013.19,-0.12,-0.03,-0.08,0.12,0.82,2.84,0.84,-1.17,0.80,-10.10,9.68,36.62
24144,34.11,1013.19,-0.12,-0.05,-0.07,0.12,0.81,2.90,-0.07,-1.19,0.79,-10.12,9.64,36.13
24176,34.31,1013.18,-0.04,-0.05,-0.08,0.11,0.82,2.80,0.28,-1.26,0.78,-10.12,9.60,36.62
24208,34.31,1013.18,-0.04,-0.05,-0.08,0.12,0.80,2.94,0.37,-0.88,0.79,-10.11,9.57,36.62
24239,34.31,1013.18,-0.04,-0.05,-0.07,0.12,0.81,2.91,0.37,-1.16,0.79,-10.11,9.54,36.62
24271,34.48,1013.21,-0.25,-0.09,-0.07,0.12,0.80,2.61,0.57,-1.46,0.78,-10.11,9.49,38.09
24305,34.48,1013.21,-0.25,-0.12,-0.07,0.12,0.81,2.84,0.13,-1.35,0.78,-10.11,9.44,38.09
24337,34.48,1013.21,-0.25,-0.15,-0.07,0.12,0.81,2.97,0.43,-1.26,0.79,-10.11,9.40,37.11
24369,34.66,1013.20,-0.16,-0.15,-0.08,0.12,0.81,2.84,0.49,-1.22,0.79,-10.10,9.37,38.09
24400,34.66,1013.20,-0.16,-0.15,-0.08,0.12,0.81,2.71,0.59,-1.45,0.78,-10.08,9.32,38.09
24432,34.66,1013.20,-0.16,-0.15,-0.08,0.12,0.81,2.82,1.03,-1.26,0.78,-10.06,9.28,37.11
24464,34.94,1013.16,0.13,-0.10,-0.07,0.12,0.80,2.91,0.75,-1.19,0.78,-10.04,9.24,38.09
24497,34.94,1013.16,0.13,-0.05,-0.07,0.12,0.80,2.77,0.77,-1.23,0.78,-10.03,9.20,36.62
24528,34.94,1013.16,0.13,-0.01,-0.07,0.12,0.80,2.77,0.80,-1.51,0.78,-10.02,9.15,37.60
24560,35.32,1013.15,0.19,0.03,-0.08,0.12,0.80,2.76,0.77,-1.34,0.77,-10.00,9.11,36.62
24592,35.32,1013.15,0.19,0.06,-0.07,0.12,0.81,2.90,0.30,-1.39,0.78,-10.00,9.07,39.06
24622,35.32,1013.15,0.19,0.09,-0.08,0.12,0.81,3.08,-0.16,-1.00,0.79,-10.01,9.04,38.57
24654,35.66,1013.20,-0.23,0.02,-0.07,0.12,0.80,2.73,0.13,-1.45,0.78,-10.02,8.99,38.57
24688,35.66,1013.20,-0.23,-0.03,-0.08,0.11,0.81,3.20,0.02,-1.02,0.79,-10.03,8.96,39.06
24720,35.66,1013.20,-0.23,-0.07,-0.08,0.12,0.80,2.82,-0.19,-1.25,0.80,-10.04,8.92,37.11
24751,35.85,1013.30,-1.01,-0.26,-0.07,0.11,0.81,2.85,0.01,-1.22,0.79,-10.05,8.88,38.57
24783,35.85,1013.30,-1.01,-0.41,-0.07,0.12,0.81,2.77,0.14,-1.14,0.79,-10.06,8.84,40.04
24815,35.85,1013.30,-1.01,-0.53,-0.07,0.12,0.81,2.76,0.57,-1.42,0.78,-10.06,8.80,39.55
24846,35.90,1013.37,-1.60,-0.74,-0.07,0.12,0.81,2.90,0.49,-1.40,0.78,-10.06,8.75,40.53
24879,35.90,1013.37,-1.60,-0.91,-0.08,0.11,0.81,2.77,0.68,-1.46,0.78,-10.04,8.70,38.09
24911,35.90,1013.37,-1.60,-1.05,-0.08,0.12,0.80,2.84,0.69,-1.40,0.78,-10.03,8.66,38.57
24943,35.85,1013.40,-1.85,-1.21,-0.08,0.12,0.80,2.97,0.72,-1.42,0.78,-10.01,8.62,38.57
24974,35.85,1013.40,-1.85,-1.34,-0.08,0.12,0.80,3.06,0.13,-1.23,0.79,-10.02,8.58,39.06
25005,35.85,1013.40,-1.85,-1.44,-0.07,0.12,0.81,2.94,-0.19,-1.32,0.79,-10.04,8.54,38.57
25037,35.73,1013.39,-1.77,-1.51,-0.08,0.11,0.81,2.93,-0.21,-1.43,0.78,-10.05,8.49,40.04
25071,35.73,1013.39,-1.77,-1.56,-0.07,0.11,0.80,2.93,0.20,-1.13,0.78,-10.06,8.45,39.55
25102,35.73,1013.39,-1.77,-1.60,-0.08,0.12,0.81,2.87,-0.12,-1.14,0.77,-10.07,8.42,39.55
25133,35.60,1013.42,-2.02,-1.69,-0.07,0.12,0.80,2.70,0.02,-1.20,0.77,-10.08,8.38,41.02
25165,35.60,1013.42,-2.02,-1.75,-0.07,0.12,0.81,2.70,0.26,-1.19,0.77,-10.09,8.34,38.57
25197,35.60,1013.42,-2.02,-1.81,-0.08,0.12,0.81,2.90,0.37,-1.45,0.77,-10.08,8.29,40.04
25230,35.48,1013.36,-1.53,-1.75,-0.08,0.12,0.81,2.77,0.13,-1.22,0.77,-10.08,8.25,40.04
25261,35.48,1013.36,-1.53,-1.71,-0.08,0.12,0.81,2.70,0.28,-1.25,0.76,-10.08,8.22,40.04
25293,35.48,1013.36,-1.53,-1.67,-0.08,0.11,0.81,2.80,0.66,-1.40,0.76,-10.07,8.17,39.06
25325,35.40,1013.34,-1.38,-1.61,-0.07,0.11,0.80,2.91,0.75,-1.35,0.75,-10.06,8.13,39.06
25356,35.40,1013.34,-1.38,-1.56,-0.07,0.12,0.80,2.99,-0.19,-1.10,0.75,-10.08,8.09,40.04
25387,35.40,1013.34,-1.38,-1.53,-0.08,0.12,0.81,2.91,0.04,-1.06,0.75,-10.08,8.06,40.04
25421,35.35,1013.33,-1.26,-1.47,-0.08,0.12,0.80,3.02,-0.07,-1.26,0.77,-10.09,8.02,40.53
25453,35.35,1013.33,-1.26,-1.43,-0.07,0.12,0.81,3.05,-0.24,-1.16,0.78,-10.11,7.98,39.06
25484,35.35,1013.33,-1.26,-1.40,-0.08,0.12,0.81,2.87,0.17,-1.29,0.78,-10.10,7.94,39.06
25515,35.31,1013.31,-1.07,-1.33,-0.08,0.12,0.81,2.70,0.20,-1.39,0.77,-10.10,7.90,40.04
25547,35.31,1013.31,-1.07,-1.28,-0.08,0.12,0.81,2.77,0.51,-1.31,0.77,-10.09,7.86,41.99
25579,35.31,1013.31,-1.07,-1.24,-0.08,0.12,0.81,2.80,0.51,-1.31,0.76,-10.08,7.81,40.53
25612,35.33,1013.26,-0.71,-1.13,-0.07,0.12,0.81,2.79,0.78,-1.28,0.76,-10.07,7.77,39.55
25643,35.33,1013.26,-0.71,-1.05,-0.07,0.12,0.81,2.87,0.69,-1.32,0.76,-10.06,7.73,41.99
25675,35.33,1013.26,-0.71,-0.98,-0.08,0.12,0.80,2.74,0.10,-1.34,0.76,-10.07,7.69,41.02
25707,35.33,1013.26,-0.05,-0.80,-0.07,0.12,0.81,2.97,-0.24,-1.43,0.77,-10.09,7.64,41.02
25738,35.47,1013.18,-0.05,-0.65,-0.07,0.11,0.80,2.68,0.20,-1.31,0.75,-10.09,7.60,40.04
25769,35.47,1013.18,-0.05,-0.53,0.85,0.03,0.53,5.29,2.31,-2.12,0.69,-11.30,7.54,39.55
25801,35.47,1013.18,-0.05,-0.43,-0.07,0.12,0.80,2.76,0.46,-1.35,0.69,-11.28,7.49,41.02
25833,35.74,1013.19,-0.10,-0.37,-0.08,0.12,0.81,2.61,0.59,-1.57,0.69,-11.23,7.44,41.02
25864,35.74,1013.19,-0.10,-0.31,-0.08,0.11,0.80,2.93,-0.04,-1.19,0.69,-11.22,7.41,41.02
25895,35.74,1013.19,-0.10,-0.27,-0.07,0.11,0.80,3.06,-0.13,-1.37,0.69,-11.21,7.36,42.97
25927,36.01,1013.22,-0.34,-0.28,-0.07,0.12,0.81,2.73,-0.07,-1.08,0.69,-11.20,7.33,40.53
25959,36.01,1013.22,-0.34,-0.30,-0.07,0.11,0.80,2.84,0.26,-1.32,0.69,-11.18,7.29,40.53
25992,36.01,1013.22,-0.34,-0.31,-0.07,0.12,0.80,2.84,-0.03,-1.23,0.69,-11.17,7.25,40.53
26023,36.21,1013.26,-0.70,-0.39,-0.08,0.12,0.81,2.84,0.23,-1.40,0.69,-11.15,7.20,41.50
26055,36.21,1013.26,-0.70,-0.45,-0.08,0.12,0.81,2.85,0.46,-1.28,0.69,-11.12,7.16,43.46
26087,36.21,1013.26,-0.70,-0.50,-0.08,0.12,0.81,2.70,0.54,-1.22,0.69,-11.09,7.12,40.53
26118,36.33,1013.32,-1.17,-0.63,-0.08,0.11,0.81,2.94,0.33,-1.06,0.69,-11.06,7.09,42.48
26151,36.33,1013.32,-1.17,-0.74,-0.08,0.12,0.80,2.80,0.52,-1.28,0.69,-11.03,7.05,41.99
26183,36.33,1013.32,-1.17,-0.83,-0.08,0.12,0.81,2.74,0.71,-1.42,0.69,-11.00,7.00,41.50
26215,36.40,1013.34,-1.33,-0.93,-0.07,0.12,0.81,2.85,0.54,-1.32,0.69,-10.98,6.96,41.02
26246,36.40,1013.34,-1.33,-1.01,-0.08,0.12,0.80,3.05,0.05,-1.11,0.70,-10.96,6.93,40.53
26277,36.40,1013.34,-1.33,-1.07,-0.08,0.12,0.81,2.85,-0.06,-1.14,0.70,-10.94,6.89,41.02
26309,36.43,1013.36,-1.57,-1.17,-0.08,0.12,0.81,2.64,0.19,-1.31,0.69,-10.93,6.85,42.97
26343,36.43,1013.36,-1.57,-1.25,-0.08,0.11,0.80,3.03,-0.25,-1.26,0.70,-10.93,6.81,42.97
26374,36.43,1013.36,-1.57,-1.31,-0.07,0.11,0.81,2.97,0.08,-1.23,0.69,-10.92,6.77,41.99
26405,36.41,1013.35,-1.48,-1.35,-0.07,0.11,0.80,2.77,0.62,-1.23,0.68,-10.90,6.73,41.02
26437,36.41,1013.35,-1.48,-1.37,-0.08,0.11,0.81,2.85,0.62,-1.46,0.67,-10.86,6.68,41.50
26469,36.41,1013.35,-1.48,-1.39,-0.08,0.12,0.81,3.02,0.59,-1.28,0.68,-10.83,6.64,41.99
26500,36.36,1013.41,-1.97,-1.51,-0.08,0.11,0.81,3.03,0.19,-1.19,0.68,-10.81,6.60,41.99
26534,36.36,1013.41,-1.97,-1.60,-0.08,0.12,0.81,2.85,0.69,-1.40,0.69,-10.78,6.56,41.50
26566,36.36,1013.41,-1.97,-1.68,-0.08,0.12,0.81,2.67,0.60,-1.48,0.69,-10.75,6.51,42.48
26598,36.27,1013.41,-1.95,-1.73,-0.07,0.11,0.81,2.80,0.37,-1.08,0.68,-10.74,6.48,41.99
26630,36.27,1013.41,-1.95,-1.78,-0.08,0.12,0.81,2.90,0.14,-1.22,0.68,-10.73,6.44,41.02
26661,36.27,1013.41,-1.95,-1.81,-0.08,0.12,0.81,3.14,-0.07,-1.22,0.69,-10.72,6.40,42.48
26693,36.15,1013.40,-1.84,-1.82,-0.08,0.11,0.81,2.80,-0.13,-1.16,0.69,-10.72,6.36,41.99
26727,36.15,1013.40,-1.84,-1.82,-0.07,0.12,0.82,2.91,0.55,-1.40,0.70,-10.71,6.31,41.99
26758,36.15,1013.40,-1.84,-1.83,-0.07,0.12,0.80,2.99,-0.15,-1.16,0.70,-10.71,6.28,42.97
26789,35.99,1013.41,-1.91,-1.84,-0.08,0.12,0.80,2.77,-0.09,-1.16,0.70,-10.70,6.24,42.48
26821,35.99,1013.41,-1.91,-1.86,-0.07,0.12,0.81,2.94,0.33,-1.42,0.71,-10.69,6.20,43.46
26853,35.99,1013.41,-1.91,-1.87,-0.08,0.12,0.81,2.65,0.43,-1.32,0.70,-10.67,6.15,43.95
26884,35.84,1013.36,-1.56,-1.81,-0.07,0.11,0.81,2.74,0.48,-1.35,0.69,-10.66,6.11,44.43
26918,35.84,1013.36,-1.56,-1.76,-0.07,0.11,0.80,2.85,0.23,-1.25,0.69,-10.65,6.07,43.46
26950,35.84,1013.36,-1.56,-1.72,-0.08,0.12,0.82,2.90,0.36,-1.35,0.69,-10.63,6.03,42.97
26982,35.74,1013.36,-1.52,-1.68,-0.08,0.12,0.80,2.80,0.34,-1.20,0.69,-10.61,5.99,42.97
27014,35.74,1013.36,-1.52,-1.65,-0.07,0.12,0.80,2.82,0.57,-1.51,0.70,-10.59,5.94,43.46
27045,35.74,1013.36,-1.52,-1.62,-0.07,0.12,0.81,2.90,0.55,-1.34,0.69,-10.58,5.90,42.48
27079,35.74,1013.35,-1.42,-1.58,-0.07,0.12,0.81,2.93,0.20,-1.19,0.71,-10.57,5.86,44.43
27111,35.74,1013.35,-1.42,-1.55,-0.08,0.11,0.80,2.84,0.54,-1.28,0.71,-10.55,5.82,42.97
27142,35.74,1013.35,-1.42,-1.53,-0.08,0.12,0.80,2.79,0.65,-1.10,0.70,-10.53,5.78,44.43
27173,35.86,1013.23,-0.40,-1.30,-0.08,0.12,0.80,2.96,0.59,-1.31,0.71,-10.50,5.74,43.46
27205,35.86,1013.23,-0.40,-1.12,-0.08,0.11,0.80,2.93,0.42,-1.17,0.70,-10.49,5.71,43.95
27237,35.86,1013.23,-0.40,-0.98,-0.08,0.12,0.80,3.08,0.04,-0.94,0.71,-10.48,5.68,42.97
27270,36.14,1013.19,-0.08,-0.80,-0.08,0.12,0.80,2.99,0.07,-1.28,0.72,-10.48,5.63,44.43
27301,36.14,1013.19,-0.08,-0.65,-0.07,0.12,0.80,3.08,-0.25,-1.13,0.73,-10.49,5.60,44.43
27333,36.14,1013.19,-0.08,-0.54,-0.08,0.12,0.80,2.90,0.02,-1.20,0.74,-10.49,5.56,44.43
27365,36.14,1013.19,-0.08,-0.45,-0.08,0.11,0.81,2.70,0.16,-1.17,0.73,-10.49,5.52,43.95
27396,36.48,1013.15,0.20,-0.32,-0.08,0.11,0.80,2.76,0.20,-1.52,0.73,-10.48,5.47,43.46
27427,36.48,1013.15,0.20,-0.21,-0.08,0.12,0.80,2.87,0.48,-1.28,0.73,-10.47,5.44,43.95
27461,36.48,1013.15,0.20,-0.13,-0.07,0.11,0.80,2.88,0.26,-1.16,0.73,-10.46,5.40,44.43
27493,36.77,1013.18,-0.05,-0.11,-0.07,0.12,0.80,2.80,0.45,-1.34,0.74,-10.45,5.35,43.95
27524,36.77,1013.18,-0.05,-0.10,-0.08,0.12,0.80,2.68,0.63,-1.54,0.74,-10.43,5.30,44.43
27556,36.77,1013.18,-0.05,-0.09,-0.07,0.12,0.81,2.82,0.54,-1.43,0.74,-10.42,5.26,45.41
27588,36.98,1013.23,-0.45,-0.16,-0.07,0.11,0.81,2.73,0.69,-1.25,0.73,-10.40,5.22,45.41
27619,36.98,1013.23,-0.45,-0.22,-0.07,0.12,0.80,2.91,-0.22,-1.10,0.74,-10.41,5.19,44.92
27652,36.98,1013.23,-0.45,-0.26,-0.07,0.11,0.80,2.79,0.60,-1.42,0.74,-10.40,5.14,45.41
27684,37.14,1013.26,-0.65,-0.34,-0.08,0.12,0.80,2.94,0.43,-1.17,0.75,-10.38,5.10,45.90
27716,37.14,1013.26,-0.65,-0.40,-0.08,0.12,0.80,2.93,-0.30,-1.25,0.75,-10.39,5.06,44.43
27747,37.14,1013.26,-0.65,-0.45,-0.07,0.12,0.80,2.88,0.02,-1.20,0.75,-10.40,5.02,45.41
27778,37.28,1013.21,-0.24,-0.41,-0.08,0.12,0.81,2.79,0.17,-1.61,0.74,-10.40,4.97,44.92
27810,37.28,1013.21,-0.24,-0.37,-0.08,0.11,0.80,2.90,0.49,-1.48,0.74,-10.38,4.93,45.90
27844,37.28,1013.21,-0.24,-0.35,-0.08,0.12,0.81,2.93,0.13,-1.29,0.75,-10.37,4.88,46.39
27875,37.46,1013.26,-0.69,-0.42,-0.07,0.12,0.80,2.71,0.71,-1.40,0.75,-10.36,4.84,46.39
27906,37.46,1013.26,-0.69,-0.47,-0.08,0.12,0.81,2.82,0.68,-1.31,0.75,-10.34,4.80,44.92
27938,37.46,1013.26,-0.69,-0.52,-0.08,0.12,0.80,2.99,0.68,-1.52,0.76,-10.33,4.75,45.41
27970,37.55,1013.32,-1.22,-0.66,-0.08,0.12,0.81,2.99,0.68,-1.37,0.76,-10.31,4.71,45.41
28001,37.55,1013.32,-1.22,-0.77,-0.08,0.12,0.81,3.03,-0.13,-1.08,0.77,-10.31,4.67,45.41
28034,37.55,1013.32,-1.22,-0.86,-0.08,0.11,0.81,2.93,0.59,-1.31,0.77,-10.29,4.63,44.43
28066,37.53,1013.39,-1.76,-1.04,-0.07,0.12,0.80,3.00,0.17,-1.26,0.77,-10.29,4.59,45.41
28098,37.53,1013.39,-1.76,-1.18,-0.08,0.12,0.81,3.13,-0.18,-1.14,0.78,-10.30,4.55,44.92
28129,37.53,1013.39,-1.76,-1.30,-0.08,0.12,0.80,2.79,-0.01,-1.31,0.78,-10.31,4.51,46.39
28160,37.39,1013.37,-1.62,-1.36,-0.07,0.12,0.81,2.80,0.34,-1.16,0.78,-10.30,4.48,44.43
28194,37.39,1013.37,-1.62,-1.41,-0.08,0.11,0.80,2.94,-0.09,-1.11,0.78,-10.31,4.44,44.43
28226,37.39,1013.37,-1.62,-1.45,-0.08,0.12,0.81,2.87,-0.15,-1.26,0.79,-10.32,4.40,44.92
28257,37.20,1013.44,-2.17,-1.60,-0.08,0.12,0.81,2.82,0.68,-1.35,0.78,-10.29,4.36,45.41
28288,37.20,1013.44,-2.17,-1.71,-0.08,0.12,0.80,2.76,0.75,-1.58,0.78,-10.27,4.31,45.90
28320,37.20,1013.44,-2.17,-1.80,-0.08,0.12,0.81,2.85,0.69,-1.32,0.78,-10.25,4.26,45.90
28352,36.98,1013.42,-2.03,-1.85,-0.08,0.12,0.80,2.97,0.36,-1.23,0.78,-10.24,4.22,46.88
28385,36.98,1013.42,-2.03,-1.88,-0.08,0.11,0.80,2.87,0.52,-1.34,0.78,-10.22,4.18,44.92
28416,36.98,1013.42,-2.03,-1.91,-0.07,0.11,0.80,2.91,0.10,-1.29,0.78,-10.22,4.14,46.39
28448,36.76,1013.37,-1.60,-1.85,-0.07,0.12,0.80,3.10,-0.07,-1.06,0.79,-10.23,4.11,46.88
28480,36.76,1013.37,-1.60,-1.80,-0.08,0.12,0.81,2.79,0.10,-1.22,0.78,-10.23,4.07,44.43
28511,36.76,1013.37,-1.60,-1.76,-0.08,0.12,0.80,2.93,0.48,-1.35,0.78,-10.22,4.03,44.43
28542,36.57,1013.41,-1.97,-1.80,-0.08,0.11,0.80,2.91,0.81,-1.25,0.78,-10.20,3.99,45.41
28576,36.57,1013.41,-1.97,-1.84,-0.08,0.12,0.81,2.80,0.57,-1.26,0.78,-10.18,3.94,45.90
28608,36.57,1013.41,-1.97,-1.86,-0.08,0.12,0.80,2.77,0.48,-1.40,0.79,-10.17,3.90,45.90
28639,36.38,1013.45,-2.24,-1.94,-0.08,0.12,0.80,2.99,0.42,-1.35,0.79,-10.16,3.86,45.41
28670,36.38,1013.45,-2.24,-2.00,-0.08,0.12,0.81,2.96,0.05,-1.17,0.79,-10.16,3.82,46.88
28702,36.38,1013.45,-2.24,-2.05,-0.08,0.12,0.80,2.94,-0.24,-1.26,0.79,-10.18,3.78,44.43
28734,36.38,1013.66,-1.94,-2.02,-0.08,0.12,0.81,2.94,0.02,-1.11,0.79,-10.19,3.74,44.92
28767,36.22,1013.41,-1.94,-2.01,-0.08,0.12,0.81,2.96,0.04,-1.35,0.80,-10.19,3.70,45.41
28798,36.22,1013.41,-1.94,-1.99,-0.07,0.12,0.80,2.90,0.20,-1.28,0.80,-10.19,3.66,44.92
28830,36.22,1013.41,-1.94,-1.98,-0.08,0.11,0.80,2.77,0.37,-1.37,0.79,-10.19,3.62,45.41
28862,36.07,1013.43,-2.08,-2.00,-0.07,0.12,0.80,2.82,0.54,-1.23,0.79,-10.18,3.58,46.39
28893,36.07,1013.43,-2.08,-2.02,-0.08,0.12,0.81,3.02,0.22,-1.26,0.79,-10.18,3.54,47.36
28924,36.07,1013.43,-2.08,-2.03,-0.08,0.11,0.80,2.91,-0.27,-1.08,0.78,-10.19,3.50,46.88
28958,35.95,1013.40,-1.81,-1.99,-0.07,0.11,0.81,2.90,0.46,-1.23,0.79,-10.19,3.46,45.41
28990,35.95,1013.40,-1.81,-1.95,-0.07,0.11,0.81,3.06,0.07,-1.20,0.79,-10.20,3.42,45.90
29021,35.95,1013.40,-1.81,-1.93,-0.08,0.12,0.80,2.79,0.16,-1.22,0.79,-10.19,3.39,45.90
29052,35.85,1013.41,-1.90,-1.92,-0.08,0.11,0.80,2.84,0.26,-1.37,0.77,-10.19,3.34,45.41
29084,35.85,1013.41,-1.90,-1.92,-0.08,0.12,0.81,2.61,0.66,-1.29,0.77,-10.17,3.30,44.43
29118,35.85,1013.41,-1.90,-1.91,-0.07,0.11,0.81,2.73,-0.04,-1.26,0.76,-10.18,3.26,45.41
29149,35.75,1013.36,-1.49,-1.83,-0.08,0.12,0.80,2.84,0.69,-1.45,0.75,-10.16,3.21,47.36
29180,35.75,1013.36,-1.49,-1.76,-0.08,0.12,0.81,2.91,0.71,-1.37,0.75,-10.14,3.17,45.41
29212,35.75,1013.36,-1.49,-1.70,-0.08,0.12,0.79,2.97,0.07,-1.31,0.77,-10.14,3.13,44.92
29244,35.68,1013.37,-1.64,-1.69,-0.07,0.12,0.81,3.11,-0.07,-1.23,0.78,-10.16,3.09,45.41
29275,35.68,1013.37,-1.64,-1.68,-0.08,0.12,0.80,2.82,0.14,-1.42,0.78,-10.15,3.05,46.39
29308,35.68,1013.37,-1.64,-1.67,-0.08,0.12,0.81,2.99,-0.13,-1.13,0.80,-10.17,3.01,45.41
29340,35.61,1013.36,-1.52,-1.64,-0.07,0.12,0.80,2.74,0.16,-1.37,0.79,-10.17,2.97,45.41
29372,35.61,1013.36,-1.52,-1.62,-0.07,0.12,0.80,2.74,0.22,-1.35,0.79,-10.18,2.92,45.41
29403,35.61,1013.36,-1.52,-1.60,-0.07,0.12,0.82,2.99,0.43,-1.39,0.79,-10.17,2.88,46.39
29434,35.56,1013.37,-1.60,-1.60,-0.07,0.12,0.80,3.08,0.25,-1.23,0.79,-10.18,2.84,45.90
29466,35.56,1013.37,-1.60,-1.60,-0.07,0.11,0.80,2.91,-0.01,-1.39,0.79,-10.19,2.80,45.90
29500,35.56,1013.37,-1.60,-1.60,-0.07,0.11,0.79,2.94,0.49,-1.29,0.79,-10.18,2.75,44.92
29531,35.51,1013.35,-1.44,-1.57,-0.05,0.10,0.90,4.41,-0.74,3.44,0.79,-10.25,2.86,46.39
29562,35.51,1013.35,-1.44,-1.54,-0.05,0.14,0.79,0.87,-2.33,-4.03,0.76,-10.36,2.73,45.41
29594,35.51,1013.35,-1.44,-1.52,-0.09,0.12,0.81,2.32,-0.50,-3.66,0.75,-10.36,2.62,45.41
29625,35.47,1013.33,-1.30,-1.48,-0.07,0.10,0.84,5.40,-0.39,-1.72,0.80,-10.39,2.56,45.41
29656,35.47,1013.33,-1.30,-1.44,-0.03,0.10,0.95,9.80,-0.12,-3.13,0.97,-10.47,2.46,45.90
29690,35.47,1013.33,-1.30,-1.41,-0.19,0.09,0.49,10.64,-3.89,-5.58,1.26,-10.28,2.28,45.90
29722,35.44,1013.34,-1.33,-1.40,-0.17,0.10,0.69,6.45,9.41,-0.06,1.35,-9.82,2.28,46.39
29753,35.44,1013.34,-1.33,-1.38,0.24,0.13,1.67,-3.20,-31.20,5.13,1.07,-11.05,2.44,44.43
29784,35.44,1013.34,-1.33,-1.37,-0.08,0.12,0.81,1.93,-2.99,-4.18,1.04,-11.12,2.30,45.41
29816,35.42,1013.33,-1.31,-1.36,-0.08,0.11,0.80,3.10,-0.15,-0.79,1.04,-11.11,2.28,46.39
29848,35.42,1013.33,-1.31,-1.35,-0.08,0.12,0.80,2.97,-0.16,-1.00,1.04,-11.10,2.25,45.41
29881,35.42,1013.33,-1.31,-1.34,-0.08,0.11,0.80,2.94,-0.18,-1.03,1.04,-11.08,2.21,45.90
29912,35.38,1013.37,-1.57,-1.39,-0.08,0.12,0.80,2.96,0.23,-1.29,1.04,-11.06,2.17,46.88
29944,35.38,1013.37,-1.57,-1.43,-0.07,0.11,0.81,3.64,0.71,-1.10,1.04,-11.03,2.14,47.36
29976,35.38,1013.37,-1.57,-1.45,-0.07,0.09,0.74,12.13,-1.17,-3.66,1.31,-11.06,2.02,45.90
30007,35.35,1013.34,-1.38,-1.44,0.02,0.09,1.15,15.42,-13.61,0.61,1.60,-11.60,2.04,45.41
30040,35.35,1013.34,-1.38,-1.43,-0.07,0.04,0.20,15.11,-5.38,-2.73,2.03,-11.46,1.95,45.41
30072,35.35,1013.34,-1.38,-1.42,-0.09,0.11,0.80,13.49,-3.19,-6.24,2.31,-11.51,1.75,46.39
30104,35.33,1013.34,-1.32,-1.40,-0.29,0.11,0.59,-15.53,14.02,17.29,1.72,-10.65,2.31,45.41
30135,35.33,1013.34,-1.32,-1.38,-0.04,0.20,0.78,3.10,-5.25,-0.19,1.83,-10.86,2.30,46.88
30166,35.33,1013.34,-1.32,-1.37,-0.03,0.23,0.76,-71.93,8.17,4.16,-0.29,-10.67,2.43,47.36
30198,35.33,1013.34,-1.30,-1.36,-0.12,0.17,0.68,-42.80,0.59,-2.50,-1.59,-10.56,2.35,45.90
30232,35.32,1013.33,-1.30,-1.35,-0.07,0.13,0.80,4.84,0.11,3.71,-1.46,-10.57,2.48,47.85
30263,35.32,1013.33,-1.30,-1.34,-0.21,-0.25,1.08,1.32,3.36,16.83,-1.88,-10.36,3.00,45.41
30294,35.32,1013.33,-1.30,-1.33,-0.07,0.14,0.79,6.07,0.36,16.86,-1.70,-10.36,3.52,45.90
30326,35.30,1013.32,-1.19,-1.30,-0.01,0.11,0.98,13.31,-7.17,-25.11,-1.36,-10.68,2.72,45.90
30358,35.30,1013.32,-1.19,-1.28,-0.10,0.10,0.79,4.47,-0.35,2.87,-1.30,-10.65,2.81,45.41
30389,35.30,1013.32,-1.19,-1.26,-0.07,0.13,0.79,2.82,-0.53,-0.82,-1.24,-10.66,2.78,44.92
30422,35.29,1013.31,-1.09,-1.23,-0.08,0.12,0.80,3.52,0.39,-0.13,-1.17,-10.65,2.78,46.39
30454,35.29,1013.31,-1.09,-1.20,-0.09,0.12,0.81,6.67,0.91,9.30,-1.01,-10.60,3.08,46.39
30486,35.29,1013.31,-1.09,-1.18,-0.08,0.15,0.81,7.10,3.27,17.76,-0.80,-10.49,3.64,47.36
30517,35.28,1013.31,-1.07,-1.16,-0.08,0.15,0.80,-3.30,21.82,-3.16,-0.91,-9.83,3.55,46.39
30548,35.28,1013.31,-1.07,-1.14,-0.05,0.09,0.92,0.88,-11.61,-23.17,-1.00,-10.24,2.83,45.90
30582,35.28,1013.31,-1.07,-1.12,-0.11,0.17,0.66,11.52,-0.87,-9.63,-0.56,-10.19,2.50,45.41
30614,35.27,1013.33,-1.30,-1.16,-0.07,0.13,0.78,8.58,4.52,21.84,-0.33,-10.06,3.20,45.90
30645,35.27,1013.33,-1.30,-1.19,-0.07,0.14,0.79,7.89,5.90,29.19,-0.11,-9.89,4.10,46.39
30676,35.27,1013.33,-1.30,-1.21,-0.11,0.15,0.77,-13.45,40.46,29.09,-0.55,-8.62,5.01,46.88
30708,35.26,1013.32,-1.19,-1.21,-0.16,0.06,0.67,15.74,-15.25,-58.48,-0.18,-8.97,3.13,48.34
30740,35.26,1013.32,-1.19,-1.20,-0.14,0.19,0.80,-10.57,-22.09,-21.45,-0.47,-9.61,2.45,46.39
30773,35.26,1013.32,-1.19,-1.20,-0.08,0.12,0.79,4.30,0.86,3.47,-0.39,-9.59,2.56,45.90
30804,35.25,1013.31,-1.10,-1.18,-0.07,0.13,0.80,2.51,-0.65,-0.16,-0.36,-9.64,2.56,46.39
30836,35.25,1013.31,-1.10,-1.16,-0.08,0.13,0.81,0.55,-4.48,-9.11,-0.39,-9.79,2.27,45.41
30868,35.25,1013.31,-1.10,-1.15,-0.55,0.22,0.89,11.34,-17.60,-58.65,-0.03,-9.85,0.39,46.39
30899,35.16,1013.34,-1.38,-1.20,-0.06,0.07,0.78,14.10,-12.29,-12.10,0.25,-10.25,0.01,46.39
30930,35.16,1013.34,-1.38,-1.23,-0.07,0.09,0.82,6.01,6.45,19.62,0.32,-10.07,0.62,47.36
30964,35.16,1013.34,-1.38,-1.26,-0.07,0.11,0.81,1.11,5.21,23.96,0.27,-9.91,1.44,46.88
30996,35.04,1013.40,-1.88,-1.39,-0.13,0.16,0.69,3.93,0.16,-1.55,0.41,-9.82,1.39,48.34
31027,35.04,1013.40,-1.88,-1.49,-0.08,0.13,0.80,0.71,-0.85,-6.32,0.36,-9.86,1.19,46.88
31058,35.04,1013.40,-1.88,-1.57,-0.08,0.13,0.79,5.49,1.18,8.42,0.47,-9.83,1.45,45.90
31090,34.89,1013.37,-1.62,-1.58,-0.07,0.09,0.80,1.98,1.94,-14.26,0.41,-9.79,1.00,46.88
31122,34.89,1013.37,-1.62,-1.58,-0.07,0.11,0.80,3.14,-0.13,0.37,0.42,-9.82,1.01,45.41
31155,34.89,1013.37,-1.62,-1.59,-0.07,0.13,0.81,4.45,-0.68,5.47,0.50,-9.87,1.19,47.85
31186,34.76,1013.32,-1.19,-1.51,-0.11,0.15,0.81,1.43,-1.35,-13.03,0.50,-9.88,0.78,46.88
31218,34.76,1013.32,-1.19,-1.45,-0.20,0.10,0.87,7.92,1.29,9.04,0.62,-9.71,1.07,47.36
31250,34.76,1013.32,-1.19,-1.39,-0.07,0.13,0.79,0.87,-1.75,-7.14,0.58,-9.79,0.85,47.36
31281,34.70,1013.31,-1.07,-1.33,-0.06,0.10,0.80,3.11,1.09,-0.13,0.57,-9.79,0.84,46.88
31314,34.70,1013.31,-1.07,-1.28,-0.08,0.13,0.80,2.51,0.02,-2.07,0.58,-9.80,0.77,45.41
31346,34.70,1013.31,-1.07,-1.24,-0.08,0.13,0.80,2.67,0.62,-1.71,0.59,-9.79,0.72,44.92
31378,34.68,1013.31,-1.08,-1.21,-0.08,0.12,0.80,3.06,1.12,-0.58,0.61,-9.76,0.70,46.39
31409,34.68,1013.31,-1.08,-1.18,-0.08,0.12,0.81,2.70,-0.30,-2.01,0.61,-9.79,0.64,45.90
31440,34.68,1013.31,-1.08,-1.16,-0.09,0.11,0.80,3.13,-0.03,-1.11,0.62,-9.79,0.60,45.90
31472,34.70,1013.30,-1.03,-1.14,-0.08,0.12,0.81,2.74,0.10,-0.70,0.62,-9.79,0.58,46.88
31506,34.70,1013.30,-1.03,-1.11,-0.08,0.12,0.80,2.87,-0.04,-1.95,0.63,-9.80,0.51,46.39
31537,34.70,1013.30,-1.03,-1.10,-0.07,0.11,0.79,3.00,0.10,-0.88,0.63,-9.81,0.49,45.90
31568,34.72,1013.28,-0.86,-1.05,-0.08,0.12,0.80,2.82,0.10,-1.35,0.64,-9.82,0.45,45.90
31600,34.72,1013.28,-0.86,-1.01,-0.08,0.12,0.81,2.91,0.28,-1.40,0.65,-9.82,0.40,46.39
31632,34.72,1013.28,-0.86,-0.98,-0.07,0.11,0.80,3.00,0.98,-0.81,0.65,-9.80,0.37,46.39
31663,34.76,1013.29,-0.98,-0.98,-0.08,0.12,0.80,2.70,0.65,-1.74,0.65,-9.78,0.32,46.39
31697,34.76,1013.29,-0.98,-0.98,-0.07,0.12,0.80,2.76,0.16,-1.19,0.66,-9.80,0.28,46.39
31729,34.76,1013.29,-0.98,-0.98,-0.08,0.12,0.81,2.79,0.51,-1.48,0.66,-9.79,0.23,45.41
31761,34.76,1013.27,-0.77,-0.94,-0.08,0.12,0.81,2.68,0.54,-1.51,0.66,-9.78,0.18,45.90
31793,34.79,1013.27,-0.77,-0.90,-0.08,0.12,0.81,2.90,0.54,-1.02,0.67,-9.77,0.15,46.39
31824,34.79,1013.27,-0.77,-0.88,-0.08,0.12,0.80,2.76,0.31,-1.46,0.67,-9.77,0.11,45.90
31856,34.79,1013.27,-0.77,-0.86,-0.09,0.12,0.81,2.87,0.26,-1.20,0.68,-9.76,0.07,45.90
31890,34.85,1013.32,-1.16,-0.92,-0.07,0.11,0.79,2.71,-0.15,-2.10,0.68,-9.78,-0.00,45.90
31921,34.85,1013.32,-1.16,-0.97,-0.08,0.12,0.81,3.20,-0.53,-1.28,0.68,-9.81,-0.04,46.88
31952,34.85,1013.32,-1.16,-1.01,-0.08,0.12,0.81,2.80,-0.62,-1.98,0.68,-9.83,-0.10,45.90
31984,34.88,1013.32,-1.18,-1.04,-0.07,0.12,0.80,2.19,-0.22,-2.32,0.66,-9.86,-0.18,45.90
32016,34.88,1013.32,-1.18,-1.07,-0.11,0.10,0.72,7.52,-6.39,-9.74,0.80,-10.01,-0.49,48.34
32047,34.88,1013.32,-1.18,-1.09,-0.06,0.12,0.81,8.76,-0.25,-4.33,0.99,-10.04,-0.63,46.88
32081,34.92,1013.31,-1.12,-1.10,-0.08,0.13,0.82,7.74,-2.53,-1.95,1.16,-10.14,-0.69,46.39
32113,34.92,1013.31,-1.12,-1.10,-0.07,0.12,0.82,7.87,0.02,-3.78,1.32,-10.16,-0.81,46.39
32145,34.92,1013.31,-1.12,-1.11,-0.07,0.12,0.82,14.87,-2.39,-6.09,1.68,-10.25,-1.01,45.41
32177,34.95,1013.30,-1.04,-1.09,-0.08,0.09,0.81,6.80,2.04,-2.15,1.75,-10.19,-1.08,45.41
32208,34.95,1013.30,-1.04,-1.08,-0.05,-0.09,0.95,-31.07,5.00,8.55,0.42,-10.08,-0.81,45.41
32240,34.95,1013.30,-1.04,-1.08,-0.19,0.29,0.89,0.76,11.73,-4.50,0.56,-9.60,-0.96,46.88
32274,34.97,1013.32,-1.15,-1.09,-0.10,0.17,0.75,11.26,-3.35,-24.68,0.94,-9.70,-1.80,47.36
32305,34.97,1013.32,-1.15,-1.10,-0.08,0.10,0.78,11.60,-6.10,-14.81,1.18,-9.89,-2.25,46.88
32336,34.97,1013.32,-1.15,-1.11,-0.07,0.07,0.81,11.25,-2.65,-13.45,1.35,-9.99,-2.67,46.39
32368,35.00,1013.35,-1.43,-1.18,-0.06,0.17,0.79,19.02,-4.48,-3.17,1.93,-10.17,-2.77,45.41
32400,35.00,1013.35,-1.43,-1.23,-0.08,0.16,0.80,25.35,1.49,1.47,2.67,-10.13,-2.73,45.90
32433,35.00,1013.35,-1.43,-1.27,-0.08,0.06,0.81,11.31,-0.10,3.68,2.82,-10.13,-2.60,45.90
32464,35.01,1013.33,-1.24,-1.26,-0.07,0.10,0.83,10.35,3.73,-5.74,2.98,-10.03,-2.78,47.36
32496,35.01,1013.33,-1.24,-1.26,-0.07,0.08,0.81,2.26,3.24,-4.70,2.87,-9.95,-2.93,45.90
32528,35.01,1013.33,-1.24,-1.25,-0.08,0.10,0.79,-1.61,-0.71,1.58,2.66,-9.97,-2.88,46.88
32559,35.03,1013.33,-1.30,-1.26,-0.07,0.23,0.72,1.71,4.43,2.83,2.77,-9.84,-2.79,46.39
